,Category_x,Secondary,Year,NOM,GLOBES WIN_x,Category_y,Additional Info,OSCARS CAT_y,OSCARS WIN_y
0,Best Motion Picture - Drama,,1980,Kramer vs. Kramer,Winner,Best Picture,"Stanley R. Jaffe, Producer",Best Picture,YES
1,Best Motion Picture - Drama,,1980,Norma Rae,Nominee,Best Picture,"Tamara Asseyev and Alex Rose, Producers",Best Picture,NO
2,Best Motion Picture - Drama,,1980,Apocalypse Now,Nominee,Best Picture,"Francis Coppola, Producer; Fred Roos, Gray Frederickson and Tom Sternberg, Co-Producers",Best Picture,NO
3,Best Motion Picture - Musical or Comedy,,1980,Breaking Away,Winner,Best Picture,"Peter Yates, Producer",Best Picture,NO
4,Best Performance by an Actress in a Motion Picture - Drama,Norma Rae,1980,Sally Field,Winner,Actress -- Leading Role,Norma Rae {'Norma Rae'},Actress -- Leading Role,YES
5,Best Performance by an Actress in a Motion Picture - Drama,Luna,1980,Jill Clayburgh,Nominee,Actress -- Leading Role,Starting Over {'Marilyn Homberg'},Actress -- Leading Role,NO
6,Best Performance by an Actress in a Motion Picture - Musical or Comedy,Starting Over,1980,Jill Clayburgh,Nominee,Actress -- Leading Role,Starting Over {'Marilyn Homberg'},Actress -- Leading Role,NO
7,Best Performance by an Actress in a Motion Picture - Drama,"China Syndrome, The",1980,Jane Fonda,Nominee,Actress -- Leading Role,The China Syndrome {'Kimberly Wells'},Actress -- Leading Role,NO
8,Best Performance by an Actress in a Motion Picture - Drama,Promises In The Dark,1980,Marsha Mason,Nominee,Actress -- Leading Role,Chapter Two {'Jennie MacLaine'},Actress -- Leading Role,NO
9,Best Performance by an Actress in a Motion Picture - Musical or Comedy,Chapter Two,1980,Marsha Mason,Nominee,Actress -- Leading Role,Chapter Two {'Jennie MacLaine'},Actress -- Leading Role,NO
10,Best Performance by an Actor in a Motion Picture - Drama,Kramer vs. Kramer,1980,Dustin Hoffman,Winner,Actor -- Leading Role,Kramer vs. Kramer {'Ted Kramer'},Actor -- Leading Role,YES
11,Best Performance by an Actor in a Motion Picture - Drama,"China Syndrome, The",1980,Jack Lemmon,Nominee,Actor -- Leading Role,The China Syndrome {'Jack Godell'},Actor -- Leading Role,NO
12,Best Performance by an Actor in a Motion Picture - Drama,And Justice For All,1980,Al Pacino,Nominee,Actor -- Leading Role,...And Justice for All {'Arthur Kirkland'},Actor -- Leading Role,NO
13,Best Performance by an Actress in a Motion Picture - Musical or Comedy,"Rose, The",1980,Bette Midler,Winner,Actress -- Leading Role,The Rose {'Rose'},Actress -- Leading Role,NO
14,Best Performance by an Actor in a Motion Picture - Musical or Comedy,Being There,1980,Peter Sellers,Winner,Actor -- Leading Role,"Being There {'John Chance, the gardener (aka Chauncey Gardiner)'}",Actor -- Leading Role,NO
15,Best Performance by an Actor in a Motion Picture - Musical or Comedy,All That Jazz,1980,Roy Scheider,Nominee,Actor -- Leading Role,All That Jazz {'Joe Gideon'},Actor -- Leading Role,NO
16,Best Director - Motion Picture,Kramer vs. Kramer,1980,Robert Benton,Nominee,Directing,Robert Benton,Directing,YES
17,Best Director - Motion Picture,Breaking Away,1980,Peter Yates,Nominee,Directing,Peter Yates,Directing,NO
18,Best Motion Picture - Drama,,1981,Ordinary People,Winner,Best Picture,"Ronald L. Schwary, Producer",Best Picture,YES
19,Best Motion Picture - Drama,,1981,Raging Bull,Nominee,Best Picture,"Irwin Winkler and Robert Chartoff, Producers",Best Picture,NO
20,Best Motion Picture - Drama,,1981,The Elephant Man,Nominee,Best Picture,"Jonathan Sanger, Producer",Best Picture,NO
21,Best Motion Picture - Musical or Comedy,,1981,Coal Miner's Daughter,Winner,Best Picture,"Bernard Schwartz, Producer",Best Picture,NO
22,Best Performance by an Actress in a Motion Picture - Drama,Ordinary People,1981,Mary Tyler Moore,Winner,Actress -- Leading Role,Ordinary People {'Beth Jarrett'},Actress -- Leading Role,NO
23,Best Performance by an Actress in a Motion Picture - Drama,Resurrection,1981,Ellen Burstyn,Nominee,Actress -- Leading Role,Resurrection {'Edna May'},Actress -- Leading Role,NO
24,Best Performance by an Actress in a Motion Picture - Drama,Gloria,1981,Gena Rowlands,Nominee,Actress -- Leading Role,Gloria {'Gloria Swenson'},Actress -- Leading Role,NO
25,Best Performance by an Actor in a Motion Picture - Drama,Raging Bull,1981,Robert De Niro,Winner,Actor -- Leading Role,Raging Bull {'Jake LaMotta'},Actor -- Leading Role,YES
26,Best Performance by an Actor in a Motion Picture - Drama,"Elephant Man, The",1981,John Hurt,Nominee,Actor -- Leading Role,The Elephant Man {'John Merrick'},Actor -- Leading Role,NO
27,Best Performance by an Actor in a Motion Picture - Drama,Tribute,1981,Jack Lemmon,Nominee,Actor -- Leading Role,Tribute {'Scottie Templeton'},Actor -- Leading Role,NO
28,Best Performance by an Actor in a Motion Picture - Drama,"Stunt Man, The",1981,Peter O'Toole,Nominee,Actor -- Leading Role,The Stunt Man {'Eli Cross'},Actor -- Leading Role,NO
29,Best Performance by an Actress in a Motion Picture - Musical or Comedy,Coal Miner's Daughter,1981,Sissy Spacek,Winner,Actress -- Leading Role,Coal Miner's Daughter {'Loretta Lynn'},Actress -- Leading Role,YES
30,Best Performance by an Actress in a Motion Picture - Musical or Comedy,Private Benjamin,1981,Goldie Hawn,Nominee,Actress -- Leading Role,Private Benjamin {'Judy Benjamin'},Actress -- Leading Role,NO
31,Best Director - Motion Picture,Ordinary People,1981,Robert Redford,Winner,Directing,Robert Redford,Directing,YES
32,Best Director - Motion Picture,"Elephant Man, The",1981,David Lynch,Nominee,Directing,David Lynch,Directing,NO
33,Best Director - Motion Picture,Tess,1981,Roman Polanski,Nominee,Directing,Roman Polanski,Directing,NO
34,Best Director - Motion Picture,"Stunt Man, The",1981,Richard Rush,Nominee,Directing,Richard Rush,Directing,NO
35,Best Director - Motion Picture,Raging Bull,1981,Martin Scorsese,Nominee,Directing,Martin Scorsese,Directing,NO
36,Best Motion Picture - Foreign Language,United Kingdom,1981,Tess,Winner,Best Picture,"Claude Berri, Producer; Timothy Burrill, Co-Producer",Best Picture,NO
37,Best Motion Picture - Drama,,1982,On Golden Pond,Winner,Best Picture,"Bruce Gilbert, Producer",Best Picture,NO
38,Best Motion Picture - Drama,,1982,Reds,Nominee,Best Picture,"Warren Beatty, Producer",Best Picture,NO
39,Best Performance by an Actress in a Motion Picture - Drama,"French Lieutenant's Woman, The",1982,Meryl Streep,Winner,Actress -- Leading Role,The French Lieutenant's Woman {'Sara Woodruff/Anna'},Actress -- Leading Role,NO
40,Best Performance by an Actress in a Motion Picture - Drama,On Golden Pond,1982,Katharine Hepburn,Nominee,Actress -- Leading Role,On Golden Pond {'Ethel Thayer'},Actress -- Leading Role,YES
41,Best Performance by an Actress in a Motion Picture - Drama,Reds,1982,Diane Keaton,Nominee,Actress -- Leading Role,Reds {'Louise Bryant'},Actress -- Leading Role,NO
42,Best Performance by an Actor in a Motion Picture - Drama,On Golden Pond,1982,Henry Fonda,Winner,Actor -- Leading Role,"On Golden Pond {'Norman Thayer, Jr.'}",Actor -- Leading Role,YES
43,Best Performance by an Actor in a Motion Picture - Drama,Reds,1982,Warren Beatty,Nominee,Actor -- Leading Role,Reds {'John 'Jack' Reed'},Actor -- Leading Role,NO
44,Best Performance by an Actor in a Motion Picture - Drama,Reds,1982,Warren Beatty,Nominee,Directing,Warren Beatty,Directing,YES
45,Best Director - Motion Picture,Reds,1982,Warren Beatty,Winner,Actor -- Leading Role,Reds {'John 'Jack' Reed'},Actor -- Leading Role,NO
46,Best Director - Motion Picture,Reds,1982,Warren Beatty,Winner,Directing,Warren Beatty,Directing,YES
47,Best Performance by an Actor in a Motion Picture - Drama,Atlantic City,1982,Burt Lancaster,Nominee,Actor -- Leading Role,Atlantic City {'Lou'},Actor -- Leading Role,NO
48,Best Performance by an Actor in a Motion Picture - Musical or Comedy,Arthur,1982,Dudley Moore,Winner,Actor -- Leading Role,Arthur {'Arthur Bach'},Actor -- Leading Role,NO
49,Best Director - Motion Picture,Atlantic City,1982,Louis Malle,Nominee,Directing,Louis Malle,Directing,NO
50,Best Director - Motion Picture,On Golden Pond,1982,Mark Rydell,Nominee,Directing,Mark Rydell,Directing,NO
51,Best Director - Motion Picture,Raiders of the Lost Ark,1982,Steven Spielberg,Nominee,Directing,Steven Spielberg,Directing,NO
52,Best Motion Picture - Foreign Language,United Kingdom,1982,Chariots of Fire,Winner,Best Picture,"David Puttnam, Producer",Best Picture,YES
53,Best Motion Picture - Foreign Language,Canada,1982,Atlantic City,Nominee,Best Picture,"Denis Heroux and John Kemeny, Producers",Best Picture,NO
54,Best Motion Picture - Drama,,1983,The Verdict,Nominee,Best Picture,"Richard D. Zanuck and David Brown, Producers",Best Picture,NO
55,Best Motion Picture - Drama,,1983,Missing,Nominee,Best Picture,"Edward Lewis and Mildred Lewis, Producers",Best Picture,NO
56,Best Motion Picture - Musical or Comedy,,1983,Tootsie,Winner,Best Picture,"Sydney Pollack and Dick Richards, Producers",Best Picture,NO
57,Best Performance by an Actress in a Motion Picture - Drama,Sophie's Choice,1983,Meryl Streep,Winner,Actress -- Leading Role,Sophie's Choice {'Sophie'},Actress -- Leading Role,YES
58,Best Performance by an Actress in a Motion Picture - Drama,Frances,1983,Jessica Lange,Nominee,Actress -- Leading Role,Frances {'Frances Farmer'},Actress -- Leading Role,NO
59,Best Performance by an Actress in a Motion Picture - Drama,Missing,1983,Sissy Spacek,Nominee,Actress -- Leading Role,Missing {'Beth Horman'},Actress -- Leading Role,NO
60,Best Performance by an Actress in a Motion Picture - Drama,"Officer and a Gentleman, An",1983,Debra Winger,Nominee,Actress -- Leading Role,An Officer and a Gentleman {'Paula Pokrifki'},Actress -- Leading Role,NO
61,Best Performance by an Actor in a Motion Picture - Drama,Gandhi,1983,Ben Kingsley,Winner,Actor -- Leading Role,Gandhi {'Mahatma Gandhi'},Actor -- Leading Role,YES
62,Best Performance by an Actor in a Motion Picture - Drama,Missing,1983,Jack Lemmon,Nominee,Actor -- Leading Role,Missing {'Edmund Horman'},Actor -- Leading Role,NO
63,Best Performance by an Actor in a Motion Picture - Drama,"Verdict, The",1983,Paul Newman,Nominee,Actor -- Leading Role,The Verdict {'Frank Galvin'},Actor -- Leading Role,NO
64,Best Performance by an Actress in a Motion Picture - Musical or Comedy,Victor Victoria,1983,Julie Andrews,Winner,Actress -- Leading Role,Victor/Victoria {'Victor/Victoria'},Actress -- Leading Role,NO
65,Best Performance by an Actor in a Motion Picture - Musical or Comedy,Tootsie,1983,Dustin Hoffman,Winner,Actor -- Leading Role,Tootsie {'Michael Dorsey/Dorothy Michaels'},Actor -- Leading Role,NO
66,Best Performance by an Actor in a Motion Picture - Musical or Comedy,My Favorite Year,1983,Peter O'Toole,Nominee,Actor -- Leading Role,My Favorite Year {'Alan Swann'},Actor -- Leading Role,NO
67,Best Director - Motion Picture,Gandhi,1983,Richard Attenborough,Winner,Directing,Richard Attenborough,Directing,YES
68,Best Director - Motion Picture,"Verdict, The",1983,Sidney Lumet,Nominee,Directing,Sidney Lumet,Directing,NO
69,Best Director - Motion Picture,Tootsie,1983,Sydney Pollack,Nominee,Directing,Sydney Pollack,Directing,NO
70,Best Director - Motion Picture,E. T. The Extra-Terrestrial,1983,Steven Spielberg,Nominee,Directing,Steven Spielberg,Directing,NO
71,Best Motion Picture - Foreign Language,India,1983,Gandhi,Winner,Best Picture,"Richard Attenborough, Producer",Best Picture,YES
72,Best Motion Picture - Drama,,1984,Terms of Endearment,Winner,Best Picture,"James L. Brooks, Producer",Best Picture,YES
73,Best Motion Picture - Drama,,1984,The Right Stuff,Nominee,Best Picture,"Irwin Winkler and Robert Chartoff, Producers",Best Picture,NO
74,Best Motion Picture - Drama,,1984,Tender Mercies,Nominee,Best Picture,"Philip S. Hobel, Producer",Best Picture,NO
75,Best Motion Picture - Musical or Comedy,,1984,The Big Chill,Nominee,Best Picture,"Michael Shamberg, Producer",Best Picture,NO
76,Best Performance by an Actress in a Motion Picture - Drama,Terms of Endearment,1984,Shirley MacLaine,Winner,Actress -- Leading Role,Terms of Endearment {'Aurora Greenway'},Actress -- Leading Role,YES
77,Best Performance by an Actress in a Motion Picture - Drama,Terms of Endearment,1984,Debra Winger,Nominee,Actress -- Leading Role,Terms of Endearment {'Emma Horton'},Actress -- Leading Role,NO
78,Best Performance by an Actress in a Motion Picture - Drama,Testament,1984,Jane Alexander,Nominee,Actress -- Leading Role,Testament {'Carol Wetherly'},Actress -- Leading Role,NO
79,Best Performance by an Actress in a Motion Picture - Drama,Silkwood,1984,Meryl Streep,Nominee,Actress -- Leading Role,Silkwood {'Karen Silkwood'},Actress -- Leading Role,NO
80,Best Performance by an Actor in a Motion Picture - Drama,The Dresser,1984,Tom Courtenay,Winner,Actor -- Leading Role,The Dresser {'Norman'},Actor -- Leading Role,NO
81,Best Performance by an Actor in a Motion Picture - Drama,Tender Mercies,1984,Robert Duvall,Winner,Actor -- Leading Role,Tender Mercies {'Mac Sledge'},Actor -- Leading Role,YES
82,Best Performance by an Actor in a Motion Picture - Drama,"Reuben, Reuben",1984,Tom Conti,Nominee,Actor -- Leading Role,"Reuben, Reuben {'Gowan McGland'}",Actor -- Leading Role,NO
83,Best Performance by an Actor in a Motion Picture - Drama,The Dresser,1984,Albert Finney,Nominee,Actor -- Leading Role,The Dresser {'Sir'},Actor -- Leading Role,NO
84,Best Performance by an Actress in a Motion Picture - Musical or Comedy,Educating Rita,1984,Julie Walters,Winner,Actress -- Leading Role,Educating Rita {'Rita'},Actress -- Leading Role,NO
85,Best Performance by an Actor in a Motion Picture - Musical or Comedy,Educating Rita,1984,Michael Caine,Winner,Actor -- Leading Role,Educating Rita {'Dr. Frank Bryant'},Actor -- Leading Role,NO
86,Best Director - Motion Picture,Tender Mercies,1984,Bruce Beresford,Nominee,Directing,Bruce Beresford,Directing,NO
87,Best Director - Motion Picture,Fanny & Alexander,1984,Ingmar Bergman,Nominee,Directing,Ingmar Bergman,Directing,NO
88,Best Director - Motion Picture,Terms of Endearment,1984,James L. Brooks,Nominee,Directing,James L. Brooks,Directing,YES
89,Best Director - Motion Picture,Silkwood,1984,Mike Nichols,Nominee,Directing,Mike Nichols,Directing,NO
90,Best Director - Motion Picture,The Dresser,1984,Peter Yates,Nominee,Directing,Peter Yates,Directing,NO
91,Best Motion Picture - Foreign Language,United Kingdom,1984,The Dresser,Nominee,Best Picture,"Peter Yates, Producer",Best Picture,NO
92,Best Motion Picture - Drama,,1985,Amadeus,Winner,Best Picture,"Saul Zaentz, Producer",Best Picture,YES
93,Best Motion Picture - Drama,,1985,The Killing Fields,Nominee,Best Picture,"David Puttnam, Producer",Best Picture,NO
94,Best Motion Picture - Drama,,1985,Places in the Heart,Nominee,Best Picture,"Arlene Donovan, Producer",Best Picture,NO
95,Best Motion Picture - Drama,,1985,A Soldier's Story,Nominee,Best Picture,"Norman Jewison, Ronald L. Schwary and Patrick Palmer, Producers",Best Picture,NO
96,Best Performance by an Actress in a Motion Picture - Drama,Places in the Heart,1985,Sally Field,Winner,Actress -- Leading Role,Places in the Heart {'Edna Spalding'},Actress -- Leading Role,YES
97,Best Performance by an Actress in a Motion Picture - Drama,Country,1985,Jessica Lange,Nominee,Actress -- Leading Role,Country {'Jewell Ivy'},Actress -- Leading Role,NO
98,Best Performance by an Actress in a Motion Picture - Drama,"Bostonians, The",1985,Vanessa Redgrave,Nominee,Actress -- Leading Role,The Bostonians {'Olive Chancellor'},Actress -- Leading Role,NO
99,Best Performance by an Actress in a Motion Picture - Drama,"River, The (1984)",1985,Sissy Spacek,Nominee,Actress -- Leading Role,The River {'Mae Garvey'},Actress -- Leading Role,NO
100,Best Performance by an Actress in a Motion Picture - Drama,"River, The (1984)",1985,Sissy Spacek,Nominee,Actress -- Leading Role,The River {'Mae Garvey'},Actress -- Leading Role,NO
101,Best Performance by an Actor in a Motion Picture - Drama,Amadeus,1985,F. Murray Abraham,Winner,Actor -- Leading Role,Amadeus {'Antonio Salieri'},Actor -- Leading Role,YES
102,Best Performance by an Actor in a Motion Picture - Drama,John Carpenter's Starman,1985,Jeff Bridges,Nominee,Actor -- Leading Role,Starman {'Starman'},Actor -- Leading Role,NO
103,Best Performance by an Actor in a Motion Picture - Drama,Under The Volcano,1985,Albert Finney,Nominee,Actor -- Leading Role,Under the Volcano {'Geoffrey Firmin'},Actor -- Leading Role,NO
104,Best Performance by an Actor in a Motion Picture - Drama,Amadeus,1985,Tom Hulce,Nominee,Actor -- Leading Role,Amadeus {'Wolfgang Amadeus Mozart'},Actor -- Leading Role,NO
105,Best Performance by an Actor in a Motion Picture - Drama,"Killing Fields, The",1985,Sam Waterston,Nominee,Actor -- Leading Role,The Killing Fields {'Sydney Schanberg'},Actor -- Leading Role,NO
106,Best Director - Motion Picture,Amadeus,1985,Milos Forman,Winner,Directing,Milos Forman,Directing,YES
107,Best Director - Motion Picture,"Passage to India, A",1985,David Lean,Nominee,Directing,David Lean,Directing,NO
108,Best Motion Picture - Foreign Language,United Kingdom,1985,A Passage to India,Winner,Best Picture,"John Brabourne and Richard Goodwin, Producers",Best Picture,NO
109,Best Motion Picture - Drama,,1986,Out of Africa,Winner,Best Picture,"Sydney Pollack, Producer",Best Picture,YES
110,Best Motion Picture - Drama,,1986,Kiss of the Spider Woman,Nominee,Best Picture,"David Weisman, Producer",Best Picture,NO
111,Best Motion Picture - Drama,,1986,Witness,Nominee,Best Picture,"Edward S. Feldman, Producer",Best Picture,NO
112,Best Motion Picture - Drama,,1986,The Color Purple,Nominee,Best Picture,"Steven Spielberg, Kathleen Kennedy, Frank Marshall and Quincy Jones, Producers",Best Picture,NO
113,Best Motion Picture - Musical or Comedy,,1986,Prizzi's Honor,Winner,Best Picture,"John Foreman, Producer",Best Picture,NO
114,Best Performance by an Actress in a Motion Picture - Drama,"Color Purple, The",1986,Whoopi Goldberg,Winner,Actress -- Leading Role,The Color Purple {'Celie'},Actress -- Leading Role,NO
115,Best Performance by an Actress in a Motion Picture - Drama,Agnes of God,1986,Anne Bancroft,Nominee,Actress -- Leading Role,Agnes of God {'Sister Miriam Ruth'},Actress -- Leading Role,NO
116,Best Performance by an Actress in a Motion Picture - Drama,"Trip To Bountiful, The",1986,Geraldine Page,Nominee,Actress -- Leading Role,The Trip to Bountiful {'Mrs. Watts'},Actress -- Leading Role,YES
117,Best Performance by an Actress in a Motion Picture - Drama,Out of Africa,1986,Meryl Streep,Nominee,Actress -- Leading Role,Out of Africa {'Karen'},Actress -- Leading Role,NO
118,Best Performance by an Actor in a Motion Picture - Drama,Runaway Train,1986,Jon Voight,Winner,Actor -- Leading Role,Runaway Train {'Manny'},Actor -- Leading Role,NO
119,Best Performance by an Actor in a Motion Picture - Drama,Witness,1986,Harrison Ford,Nominee,Actor -- Leading Role,Witness {'John Book'},Actor -- Leading Role,NO
120,Best Performance by an Actor in a Motion Picture - Drama,Kiss of the Spider Woman,1986,William Hurt,Nominee,Actor -- Leading Role,Kiss of the Spider Woman {'Luis Molina'},Actor -- Leading Role,YES
121,Best Performance by an Actor in a Motion Picture - Musical or Comedy,Prizzi's Honor,1986,Jack Nicholson,Winner,Actor -- Leading Role,Prizzi's Honor {'Charley Partanna'},Actor -- Leading Role,NO
122,Best Performance by an Actor in a Motion Picture - Musical or Comedy,Murphy's Romance,1986,James Garner,Nominee,Actor -- Leading Role,Murphy's Romance {'Murphy Jones'},Actor -- Leading Role,NO
123,Best Director - Motion Picture,Prizzi's Honor,1986,John Huston,Winner,Directing,John Huston,Directing,NO
124,Best Director - Motion Picture,Out of Africa,1986,Sydney Pollack,Nominee,Directing,Sydney Pollack,Directing,YES
125,Best Director - Motion Picture,Witness,1986,Peter Weir,Nominee,Directing,Peter Weir,Directing,NO
126,Best Motion Picture - Drama,,1987,Platoon,Winner,Best Picture,"Arnold Kopelson, Producer",Best Picture,YES
127,Best Motion Picture - Drama,,1987,Children of a Lesser God,Nominee,Best Picture,"Burt Sugarman and Patrick Palmer, Producers",Best Picture,NO
128,Best Motion Picture - Drama,,1987,The Mission,Nominee,Best Picture,"Fernando Ghia and David Puttnam, Producers",Best Picture,NO
129,Best Motion Picture - Drama,,1987,A Room with a View,Nominee,Best Picture,"Ismail Merchant, Producer",Best Picture,NO
130,Best Motion Picture - Musical or Comedy,,1987,Hannah and Her Sisters,Winner,Best Picture,"Robert Greenhut, Producer",Best Picture,NO
131,Best Performance by an Actress in a Motion Picture - Drama,Children of a Lesser God,1987,Marlee Matlin,Winner,Actress -- Leading Role,Children of a Lesser God {'Sarah'},Actress -- Leading Role,YES
132,Best Performance by an Actress in a Motion Picture - Drama,Aliens,1987,Sigourney Weaver,Nominee,Actress -- Leading Role,Aliens {'Ripley'},Actress -- Leading Role,NO
133,Best Performance by an Actor in a Motion Picture - Drama,Mona Lisa,1987,Bob Hoskins,Winner,Actor -- Leading Role,Mona Lisa {'George'},Actor -- Leading Role,NO
134,Best Performance by an Actor in a Motion Picture - Drama,'Round Midnight,1987,Dexter Gordon,Nominee,Actor -- Leading Role,'Round Midnight {'Dale Turner'},Actor -- Leading Role,NO
135,Best Performance by an Actor in a Motion Picture - Drama,Children of a Lesser God,1987,William Hurt,Nominee,Actor -- Leading Role,Children of a Lesser God {'James'},Actor -- Leading Role,NO
136,Best Performance by an Actor in a Motion Picture - Drama,"Color of Money, The",1987,Paul Newman,Nominee,Actor -- Leading Role,The Color of Money {'Eddie Felson'},Actor -- Leading Role,YES
137,Best Performance by an Actress in a Motion Picture - Musical or Comedy,Crimes of the Heart,1987,Sissy Spacek,Winner,Actress -- Leading Role,Crimes of the Heart {'Babe Magrath'},Actress -- Leading Role,NO
138,Best Performance by an Actress in a Motion Picture - Musical or Comedy,Peggy Sue Got Married,1987,Kathleen Turner,Nominee,Actress -- Leading Role,Peggy Sue Got Married {'Peggy Sue'},Actress -- Leading Role,NO
139,Best Director - Motion Picture,Platoon,1987,Oliver Stone,Winner,Directing,Oliver Stone,Directing,YES
140,Best Director - Motion Picture,Hannah and Her Sisters,1987,Woody Allen,Nominee,Directing,Woody Allen,Directing,NO
141,Best Director - Motion Picture,"Room with a View, A",1987,James Ivory,Nominee,Directing,James Ivory,Directing,NO
142,Best Motion Picture - Drama,,1988,The Last Emperor,Winner,Best Picture,"Jeremy Thomas, Producer",Best Picture,YES
143,Best Motion Picture - Drama,,1988,Fatal Attraction,Nominee,Best Picture,"Stanley R. Jaffe and Sherry Lansing, Producers",Best Picture,NO
144,Best Motion Picture - Musical or Comedy,,1988,Hope and Glory,Winner,Best Picture,"John Boorman, Producer",Best Picture,NO
145,Best Motion Picture - Musical or Comedy,,1988,Broadcast News,Nominee,Best Picture,"James L. Brooks, Producer",Best Picture,NO
146,Best Motion Picture - Musical or Comedy,,1988,Moonstruck,Nominee,Best Picture,"Patrick Palmer and Norman Jewison, Producers",Best Picture,NO
147,Best Performance by an Actress in a Motion Picture - Drama,Anna,1988,Sally Kirkland,Winner,Actress -- Leading Role,Anna {'Anna'},Actress -- Leading Role,NO
148,Best Performance by an Actress in a Motion Picture - Drama,Fatal Attraction,1988,Glenn Close,Nominee,Actress -- Leading Role,Fatal Attraction {'Alex Forrest'},Actress -- Leading Role,NO
149,Best Performance by an Actor in a Motion Picture - Drama,Wall Street,1988,Michael Douglas,Winner,Actor -- Leading Role,Wall Street {'Gordon Gekko'},Actor -- Leading Role,YES
150,Best Performance by an Actor in a Motion Picture - Drama,Ironweed,1988,Jack Nicholson,Nominee,Actor -- Leading Role,Ironweed {'Francis Phelan'},Actor -- Leading Role,NO
151,Best Performance by an Actress in a Motion Picture - Musical or Comedy,Moonstruck,1988,Cher,Winner,Actress -- Leading Role,Moonstruck {'Loretta Castorini'},Actress -- Leading Role,YES
152,Best Performance by an Actress in a Motion Picture - Musical or Comedy,Broadcast News,1988,Holly Hunter,Nominee,Actress -- Leading Role,Broadcast News {'Jane Craig'},Actress -- Leading Role,NO
153,Best Performance by an Actor in a Motion Picture - Musical or Comedy,"Good Morning, Vietnam",1988,Robin Williams,Winner,Actor -- Leading Role,"Good Morning, Vietnam {'Adrian Cronauer'}",Actor -- Leading Role,NO
154,Best Performance by an Actor in a Motion Picture - Musical or Comedy,Broadcast News,1988,William Hurt,Nominee,Actor -- Leading Role,Broadcast News {'Tom Grunick'},Actor -- Leading Role,NO
155,Best Director - Motion Picture,"Last Emperor, The",1988,Bernardo Bertolucci,Winner,Directing,Bernardo Bertolucci,Directing,YES
156,Best Director - Motion Picture,Hope and Glory,1988,John Boorman,Nominee,Directing,John Boorman,Directing,NO
157,Best Director - Motion Picture,Fatal Attraction,1988,Adrian Lyne,Nominee,Directing,Adrian Lyne,Directing,NO
158,Best Motion Picture - Drama,,1989,Rain Man,Winner,Best Picture,"Mark Johnson, Producer",Best Picture,YES
159,Best Motion Picture - Drama,,1989,Mississippi Burning,Nominee,Best Picture,"Frederick Zollo and Robert F. Colesberry, Producers",Best Picture,NO
160,Best Motion Picture - Drama,,1989,The Accidental Tourist,Nominee,Best Picture,"Lawrence Kasdan, Charles Okun and Michael Grillo, Producers",Best Picture,NO
161,Best Motion Picture - Musical or Comedy,,1989,Working Girl,Winner,Best Picture,"Douglas Wick, Producer",Best Picture,NO
162,Best Performance by an Actress in a Motion Picture - Drama,"Accused, The",1989,Jodie Foster,Winner,Actress -- Leading Role,The Accused {'Sarah Tobias'},Actress -- Leading Role,YES
163,Best Performance by an Actress in a Motion Picture - Drama,Gorillas in the Mist: The Adventure of Dian Fossey,1989,Sigourney Weaver,Winner,Actress -- Leading Role,Gorillas in the Mist {'Dian Fossey'},Actress -- Leading Role,NO
164,Best Performance by an Actress in a Motion Picture - Drama,"Cry in the Dark, A",1989,Meryl Streep,Nominee,Actress -- Leading Role,A Cry in the Dark {'Lindy'},Actress -- Leading Role,NO
165,Best Performance by an Actor in a Motion Picture - Drama,Rain Man,1989,Dustin Hoffman,Winner,Actor -- Leading Role,Rain Man {'Raymond Babbitt'},Actor -- Leading Role,YES
166,Best Performance by an Actor in a Motion Picture - Drama,Mississippi Burning,1989,Gene Hackman,Nominee,Actor -- Leading Role,Mississippi Burning {'Anderson'},Actor -- Leading Role,NO
167,Best Performance by an Actor in a Motion Picture - Drama,Stand and Deliver,1989,Edward James Olmos,Nominee,Actor -- Leading Role,Stand and Deliver {'Jaime Escalante'},Actor -- Leading Role,NO
168,Best Performance by an Actress in a Motion Picture - Musical or Comedy,Working Girl,1989,Melanie Griffith,Winner,Actress -- Leading Role,Working Girl {'Tess McGill'},Actress -- Leading Role,NO
169,Best Performance by an Actor in a Motion Picture - Musical or Comedy,Big,1989,Tom Hanks,Winner,Actor -- Leading Role,Big {'Josh'},Actor -- Leading Role,NO
170,Best Director - Motion Picture,Rain Man,1989,Barry Levinson,Nominee,Directing,Barry Levinson,Directing,YES
171,Best Director - Motion Picture,Working Girl,1989,Mike Nichols,Nominee,Directing,Mike Nichols,Directing,NO
172,Best Director - Motion Picture,Mississippi Burning,1989,Alan Parker,Nominee,Directing,Alan Parker,Directing,NO
173,Best Motion Picture - Drama,,1990,Born on the Fourth of July,Winner,Best Picture,"A. Kitman Ho and Oliver Stone, Producers",Best Picture,NO
174,Best Motion Picture - Drama,,1990,Dead Poets Society,Nominee,Best Picture,"Steven Haft, Paul Junger Witt and Tony Thomas, Producers",Best Picture,NO
175,Best Motion Picture - Musical or Comedy,,1990,Driving Miss Daisy,Winner,Best Picture,"Richard D. Zanuck and Lili Fini Zanuck, Producers",Best Picture,YES
176,Best Performance by an Actress in a Motion Picture - Drama,"Fabulous Baker Boys, The",1990,Michelle Pfeiffer,Winner,Actress -- Leading Role,The Fabulous Baker Boys {'Susie Diamond'},Actress -- Leading Role,NO
177,Best Performance by an Actress in a Motion Picture - Drama,Music Box,1990,Jessica Lange,Nominee,Actress -- Leading Role,Music Box {'Ann Talbot'},Actress -- Leading Role,NO
178,Best Performance by an Actor in a Motion Picture - Drama,Born on the Fourth of July,1990,Tom Cruise,Winner,Actor -- Leading Role,Born on the Fourth of July {'Ron Kovic'},Actor -- Leading Role,NO
179,Best Performance by an Actor in a Motion Picture - Drama,Dead Poets Society,1990,Robin Williams,Nominee,Actor -- Leading Role,Dead Poets Society {'John Keating'},Actor -- Leading Role,NO
180,Best Performance by an Actress in a Motion Picture - Musical or Comedy,Driving Miss Daisy,1990,Jessica Tandy,Winner,Actress -- Leading Role,Driving Miss Daisy {'Daisy Werthan'},Actress -- Leading Role,YES
181,Best Performance by an Actress in a Motion Picture - Musical or Comedy,Shirley Valentine,1990,Pauline Collins,Nominee,Actress -- Leading Role,Shirley Valentine {'Shirley Valentine'},Actress -- Leading Role,NO
182,Best Performance by an Actor in a Motion Picture - Musical or Comedy,Driving Miss Daisy,1990,Morgan Freeman,Winner,Actor -- Leading Role,Driving Miss Daisy {'Hoke Colburn'},Actor -- Leading Role,NO
183,Best Director - Motion Picture,Born on the Fourth of July,1990,Oliver Stone,Winner,Directing,Oliver Stone,Directing,YES
184,Best Director - Motion Picture,Dead Poets Society,1990,Peter Weir,Nominee,Directing,Peter Weir,Directing,NO
185,Best Motion Picture - Musical or Comedy,,1991,Ghost,Nominee,Best Picture,"Lisa Weinstein, Producer",Best Picture,NO
186,Best Performance by an Actress in a Motion Picture - Drama,Misery,1991,Kathy Bates,Winner,Actress -- Leading Role,Misery {'Annie Wilkes'},Actress -- Leading Role,YES
187,Best Performance by an Actress in a Motion Picture - Drama,"Grifters, The",1991,Anjelica Huston,Nominee,Actress -- Leading Role,The Grifters {'Lilly Dillon'},Actress -- Leading Role,NO
188,Best Performance by an Actress in a Motion Picture - Drama,Mr. & Mrs. Bridge,1991,Joanne Woodward,Nominee,Actress -- Leading Role,Mr. & Mrs. Bridge {'India Bridge'},Actress -- Leading Role,NO
189,Best Performance by an Actor in a Motion Picture - Drama,Reversal of Fortune,1991,Jeremy Irons,Winner,Actor -- Leading Role,Reversal of Fortune {'Claus Von Bulow'},Actor -- Leading Role,YES
190,Best Performance by an Actor in a Motion Picture - Drama,Dances with Wolves,1991,Kevin Costner,Nominee,Actor -- Leading Role,Dances With Wolves {'Lieutenant Dunbar'},Actor -- Leading Role,NO
191,Best Performance by an Actor in a Motion Picture - Drama,Dances with Wolves,1991,Kevin Costner,Nominee,Directing,Kevin Costner,Directing,YES
192,Best Director - Motion Picture,Dances with Wolves,1991,Kevin Costner,Winner,Actor -- Leading Role,Dances With Wolves {'Lieutenant Dunbar'},Actor -- Leading Role,NO
193,Best Director - Motion Picture,Dances with Wolves,1991,Kevin Costner,Winner,Directing,Kevin Costner,Directing,YES
194,Best Performance by an Actor in a Motion Picture - Drama,"Field, The",1991,Richard Harris,Nominee,Actor -- Leading Role,The Field {'Bull McCabe'},Actor -- Leading Role,NO
195,Best Performance by an Actress in a Motion Picture - Musical or Comedy,Pretty Woman,1991,Julia Roberts,Winner,Actress -- Leading Role,Pretty Woman {'Vivian Ward'},Actress -- Leading Role,NO
196,Best Performance by an Actress in a Motion Picture - Musical or Comedy,Postcards From The Edge,1991,Meryl Streep,Nominee,Actress -- Leading Role,Postcards from the Edge {'Suzanne Vale'},Actress -- Leading Role,NO
197,Best Director - Motion Picture,"Godfather Part III, The",1991,Francis Ford Coppola,Nominee,Directing,Francis Ford Coppola,Directing,NO
198,Best Director - Motion Picture,Reversal of Fortune,1991,Barbet Schroeder,Nominee,Directing,Barbet Schroeder,Directing,NO
199,Best Director - Motion Picture,GoodFellas,1991,Martin Scorsese,Nominee,Directing,Martin Scorsese,Directing,NO
200,Best Motion Picture - Drama,,1992,Bugsy,Winner,Best Picture,"Mark Johnson, Barry Levinson and Warren Beatty, Producers",Best Picture,NO
201,Best Motion Picture - Drama,,1992,The Prince of Tides,Nominee,Best Picture,"Barbra Streisand and Andrew Karsch, Producers",Best Picture,NO
202,Best Motion Picture - Drama,,1992,The Silence of the Lambs,Nominee,Best Picture,"Edward Saxon, Kenneth Utt and Ron Bozman, Producers",Best Picture,YES
203,Best Motion Picture - Drama,,1992,JFK,Nominee,Best Picture,"A. Kitman Ho and Oliver Stone, Producers",Best Picture,NO
204,Best Motion Picture - Musical or Comedy,,1992,Beauty and the Beast,Winner,Best Picture,"Don Hahn, Producer",Best Picture,NO
205,Best Performance by an Actress in a Motion Picture - Drama,"Silence of the Lambs, The",1992,Jodie Foster,Winner,Actress -- Leading Role,The Silence of the Lambs {'Clarice Starling'},Actress -- Leading Role,YES
206,Best Performance by an Actress in a Motion Picture - Drama,Thelma & Louise,1992,Geena Davis,Nominee,Actress -- Leading Role,Thelma & Louise {'Thelma'},Actress -- Leading Role,NO
207,Best Performance by an Actress in a Motion Picture - Drama,Rambling Rose,1992,Laura Dern,Nominee,Actress -- Leading Role,Rambling Rose {'Rose'},Actress -- Leading Role,NO
208,Best Performance by an Actress in a Motion Picture - Drama,Thelma & Louise,1992,Susan Sarandon,Nominee,Actress -- Leading Role,Thelma & Louise {'Louise'},Actress -- Leading Role,NO
209,Best Performance by an Actor in a Motion Picture - Drama,"Prince of Tides, The",1992,Nick Nolte,Winner,Actor -- Leading Role,The Prince of Tides {'Tom Wingo'},Actor -- Leading Role,NO
210,Best Performance by an Actor in a Motion Picture - Drama,Bugsy,1992,Warren Beatty,Nominee,Actor -- Leading Role,Bugsy {'Bugsy Siegel'},Actor -- Leading Role,NO
211,Best Performance by an Actor in a Motion Picture - Drama,Cape Fear,1992,Robert De Niro,Nominee,Actor -- Leading Role,Cape Fear {'Max Cady'},Actor -- Leading Role,NO
212,Best Performance by an Actor in a Motion Picture - Drama,"Silence of the Lambs, The",1992,Anthony Hopkins,Nominee,Actor -- Leading Role,The Silence of the Lambs {'Dr. Hannibal Lecter'},Actor -- Leading Role,YES
213,Best Performance by an Actress in a Motion Picture - Musical or Comedy,For The Boys,1992,Bette Midler,Winner,Actress -- Leading Role,For the Boys {'Dixie Leonard'},Actress -- Leading Role,NO
214,Best Performance by an Actor in a Motion Picture - Musical or Comedy,"Fisher King, The",1992,Robin Williams,Winner,Actor -- Leading Role,The Fisher King {'Parry'},Actor -- Leading Role,NO
215,Best Director - Motion Picture,JFK,1992,Oliver Stone,Winner,Directing,Oliver Stone,Directing,NO
216,Best Director - Motion Picture,"Silence of the Lambs, The",1992,Jonathan Demme,Nominee,Directing,Jonathan Demme,Directing,YES
217,Best Director - Motion Picture,Bugsy,1992,Barry Levinson,Nominee,Directing,Barry Levinson,Directing,NO
218,Best Motion Picture - Drama,,1993,Scent of a Woman,Winner,Best Picture,"Martin Brest, Producer",Best Picture,NO
219,Best Motion Picture - Drama,,1993,A Few Good Men,Nominee,Best Picture,"David Brown, Rob Reiner and Andrew Scheinman, Producers",Best Picture,NO
220,Best Motion Picture - Drama,,1993,Howards End,Nominee,Best Picture,"Ismail Merchant, Producer",Best Picture,NO
221,Best Motion Picture - Drama,,1993,Unforgiven,Nominee,Best Picture,"Clint Eastwood, Producer",Best Picture,YES
222,Best Motion Picture - Drama,,1993,The Crying Game,Nominee,Best Picture,"Stephen Woolley, Producer",Best Picture,NO
223,Best Performance by an Actress in a Motion Picture - Drama,Howards End,1993,Emma Thompson,Winner,Actress -- Leading Role,Howards End {'Margaret Schlegel'},Actress -- Leading Role,YES
224,Best Performance by an Actress in a Motion Picture - Drama,Passion Fish,1993,Mary McDonnell,Nominee,Actress -- Leading Role,Passion Fish {'May-Alice'},Actress -- Leading Role,NO
225,Best Performance by an Actress in a Motion Picture - Drama,Love Field,1993,Michelle Pfeiffer,Nominee,Actress -- Leading Role,Love Field {'Lurene Hallett'},Actress -- Leading Role,NO
226,Best Performance by an Actress in a Motion Picture - Drama,Lorenzo's Oil,1993,Susan Sarandon,Nominee,Actress -- Leading Role,Lorenzo's Oil {'Michaela Odone'},Actress -- Leading Role,NO
227,Best Performance by an Actor in a Motion Picture - Drama,Scent of a Woman,1993,Al Pacino,Winner,Actor -- Leading Role,Scent of a Woman {'Lt. Col. Frank Slade'},Actor -- Leading Role,YES
228,Best Performance by an Actor in a Motion Picture - Drama,Malcolm X,1993,Denzel Washington,Nominee,Actor -- Leading Role,Malcolm X {'Malcolm X'},Actor -- Leading Role,NO
229,Best Director - Motion Picture,Unforgiven,1993,Clint Eastwood,Winner,Actor -- Leading Role,Unforgiven {'Bill Munny'},Actor -- Leading Role,NO
230,Best Director - Motion Picture,Unforgiven,1993,Clint Eastwood,Winner,Directing,Clint Eastwood,Directing,YES
231,Best Director - Motion Picture,"Player, The",1993,Robert Altman,Nominee,Directing,Robert Altman,Directing,NO
232,Best Director - Motion Picture,Howards End,1993,James Ivory,Nominee,Directing,James Ivory,Directing,NO
233,Best Motion Picture - Drama,,1994,Schindler's List,Winner,Best Picture,"Steven Spielberg, Gerald R. Molen and Branko Lustig, Producers",Best Picture,YES
234,Best Motion Picture - Drama,,1994,In the Name of the Father,Nominee,Best Picture,"Jim Sheridan, Producer",Best Picture,NO
235,Best Motion Picture - Drama,,1994,The Piano,Nominee,Best Picture,"Jan Chapman, Producer",Best Picture,NO
236,Best Performance by an Actress in a Motion Picture - Drama,"Piano, The",1994,Holly Hunter,Winner,Actress -- Leading Role,The Piano {'Ada'},Actress -- Leading Role,YES
237,Best Performance by an Actress in a Motion Picture - Drama," Remains of the Day, The",1994,Emma Thompson,Nominee,Actress -- Leading Role,The Remains of the Day {'Miss Kenton'},Actress -- Leading Role,NO
238,Best Performance by an Actress in a Motion Picture - Drama,"Dangerous Woman, A",1994,Debra Winger,Nominee,Actress -- Leading Role,Shadowlands {'Joy Gresham'},Actress -- Leading Role,NO
239,Best Performance by an Actor in a Motion Picture - Drama,Philadelphia,1994,Tom Hanks,Winner,Actor -- Leading Role,Philadelphia {'Andrew Beckett'},Actor -- Leading Role,YES
240,Best Performance by an Actor in a Motion Picture - Musical or Comedy,Sleepless in Seattle,1994,Tom Hanks,Nominee,Actor -- Leading Role,Philadelphia {'Andrew Beckett'},Actor -- Leading Role,YES
241,Best Performance by an Actor in a Motion Picture - Drama,In the Name of the Father,1994,Daniel Day-Lewis,Nominee,Actor -- Leading Role,In the Name of the Father {'Gerry Conlon'},Actor -- Leading Role,NO
242,Best Performance by an Actor in a Motion Picture - Drama," Remains of the Day, The",1994,Anthony Hopkins,Nominee,Actor -- Leading Role,The Remains of the Day {'Mr. Stevens'},Actor -- Leading Role,NO
243,Best Performance by an Actor in a Motion Picture - Drama,Schindler's List,1994,Liam Neeson,Nominee,Actor -- Leading Role,Schindler's List {'Oskar Schindler'},Actor -- Leading Role,NO
244,Best Performance by an Actress in a Motion Picture - Musical or Comedy,What's Love Got To Do With It,1994,Angela Bassett,Winner,Actress -- Leading Role,What's Love Got to Do with It {'Tina Turner'},Actress -- Leading Role,NO
245,Best Performance by an Actress in a Motion Picture - Musical or Comedy,Six Degrees of Separation,1994,Stockard Channing,Nominee,Actress -- Leading Role,Six Degrees of Separation {'Ouisa Kittredge'},Actress -- Leading Role,NO
246,Best Director - Motion Picture,Schindler's List,1994,Steven Spielberg,Winner,Directing,Steven Spielberg,Directing,YES
247,Best Director - Motion Picture,"Piano, The",1994,Jane Campion,Nominee,Directing,Jane Campion,Directing,NO
248,Best Director - Motion Picture," Remains of the Day, The",1994,James Ivory,Nominee,Directing,James Ivory,Directing,NO
249,Best Motion Picture - Drama,,1995,Forrest Gump,Winner,Best Picture,"Wendy Finerman, Steve Tisch and Steve Starkey, Producers",Best Picture,YES
250,Best Motion Picture - Drama,,1995,Pulp Fiction,Nominee,Best Picture,"Lawrence Bender, Producer",Best Picture,NO
251,Best Motion Picture - Drama,,1995,Quiz Show,Nominee,Best Picture,"Robert Redford, Michael Jacobs, Julian Krainin and Michael Nozik, Producers",Best Picture,NO
252,Best Motion Picture - Musical or Comedy,,1995,Four Weddings and a Funeral,Nominee,Best Picture,"Duncan Kenworthy, Producer",Best Picture,NO
253,Best Performance by an Actress in a Motion Picture - Drama,Blue Sky,1995,Jessica Lange,Winner,Actress -- Leading Role,Blue Sky {'Carly Marshall'},Actress -- Leading Role,YES
254,Best Performance by an Actress in a Motion Picture - Drama,Nell,1995,Jodie Foster,Nominee,Actress -- Leading Role,Nell {'Nell'},Actress -- Leading Role,NO
255,Best Performance by an Actress in a Motion Picture - Drama,Tom & Viv,1995,Miranda Richardson,Nominee,Actress -- Leading Role,Tom & Viv {'Viv'},Actress -- Leading Role,NO
256,Best Performance by an Actor in a Motion Picture - Drama,Forrest Gump,1995,Tom Hanks,Winner,Actor -- Leading Role,Forrest Gump {'Forrest Gump'},Actor -- Leading Role,YES
257,Best Performance by an Actor in a Motion Picture - Drama,"Shawshank Redemption, The",1995,Morgan Freeman,Nominee,Actor -- Leading Role,The Shawshank Redemption {'Red'},Actor -- Leading Role,NO
258,Best Performance by an Actor in a Motion Picture - Drama,Nobody's Fool,1995,Paul Newman,Nominee,Actor -- Leading Role,Nobody's Fool {'Sully'},Actor -- Leading Role,NO
259,Best Performance by an Actor in a Motion Picture - Drama,Pulp Fiction,1995,John Travolta,Nominee,Actor -- Leading Role,Pulp Fiction {'Vincent Vega'},Actor -- Leading Role,NO
260,Best Director - Motion Picture,Forrest Gump,1995,Robert Zemeckis,Winner,Directing,Robert Zemeckis,Directing,YES
261,Best Director - Motion Picture,Quiz Show,1995,Robert Redford,Nominee,Directing,Robert Redford,Directing,NO
262,Best Director - Motion Picture,Pulp Fiction,1995,Quentin Tarantino,Nominee,Directing,Quentin Tarantino,Directing,NO
263,Best Motion Picture - Drama,,1996,Sense and Sensibility,Winner,Best Picture,"Lindsay Doran, Producer",Best Picture,NO
264,Best Motion Picture - Drama,,1996,Braveheart,Nominee,Best Picture,"Mel Gibson, Alan Ladd, Jr. and Bruce Davey, Producers",Best Picture,YES
265,Best Motion Picture - Drama,,1996,Apollo 13,Nominee,Best Picture,"Brian Grazer, Producer",Best Picture,NO
266,Best Motion Picture - Musical or Comedy,,1996,Babe,Winner,Best Picture,"George Miller, Doug Mitchell and Bill Miller, Producers",Best Picture,NO
267,Best Performance by an Actress in a Motion Picture - Drama,Casino,1996,Sharon Stone,Winner,Actress -- Leading Role,Casino {'Ginger McKenna'},Actress -- Leading Role,NO
268,Best Performance by an Actress in a Motion Picture - Drama,Dead Man Walking,1996,Susan Sarandon,Nominee,Actress -- Leading Role,Dead Man Walking {'Sister Helen Prejean'},Actress -- Leading Role,YES
269,Best Performance by an Actress in a Motion Picture - Drama,Leaving Las Vegas,1996,Elisabeth Shue,Nominee,Actress -- Leading Role,Leaving Las Vegas {'Sera'},Actress -- Leading Role,NO
270,Best Performance by an Actress in a Motion Picture - Drama,"Bridges of Madison County, The",1996,Meryl Streep,Nominee,Actress -- Leading Role,The Bridges of Madison County {'Francesca Johnson'},Actress -- Leading Role,NO
271,Best Performance by an Actress in a Motion Picture - Drama,Sense and Sensibility,1996,Emma Thompson,Nominee,Actress -- Leading Role,Sense and Sensibility {'Elinor Dashwood'},Actress -- Leading Role,NO
272,Best Performance by an Actor in a Motion Picture - Drama,Leaving Las Vegas,1996,Nicolas Cage,Winner,Actor -- Leading Role,Leaving Las Vegas {'Ben Sanderson'},Actor -- Leading Role,YES
273,Best Performance by an Actor in a Motion Picture - Drama,Mr. Holland's Opus,1996,Richard Dreyfuss,Nominee,Actor -- Leading Role,Mr. Holland's Opus {'Glenn Holland'},Actor -- Leading Role,NO
274,Best Performance by an Actor in a Motion Picture - Drama,Nixon,1996,Anthony Hopkins,Nominee,Actor -- Leading Role,Nixon {'Richard Nixon'},Actor -- Leading Role,NO
275,Best Performance by an Actor in a Motion Picture - Drama,Dead Man Walking,1996,Sean Penn,Nominee,Actor -- Leading Role,Dead Man Walking {'Matthew Poncelet'},Actor -- Leading Role,NO
276,Best Director - Motion Picture,Braveheart,1996,Mel Gibson,Winner,Directing,Mel Gibson,Directing,YES
277,Best Director - Motion Picture,Leaving Las Vegas,1996,Mike Figgis,Nominee,Directing,Mike Figgis,Directing,NO
278,Best Motion Picture - Drama,,1997,The English Patient,Winner,Best Picture,"Saul Zaentz, Producer",Best Picture,YES
279,Best Motion Picture - Drama,,1997,Secrets & Lies,Nominee,Best Picture,"Simon Channing-Williams, Producer",Best Picture,NO
280,Best Motion Picture - Drama,,1997,Shine,Nominee,Best Picture,"Jane Scott, Producer",Best Picture,NO
281,Best Motion Picture - Musical or Comedy,,1997,Fargo,Nominee,Best Picture,"Ethan Coen, Producer",Best Picture,NO
282,Best Motion Picture - Musical or Comedy,,1997,Jerry Maguire,Nominee,Best Picture,"James L. Brooks, Laurence Mark, Richard Sakai and Cameron Crowe, Producers",Best Picture,NO
283,Best Performance by an Actress in a Motion Picture - Drama,Secrets & Lies,1997,Brenda Blethyn,Winner,Actress -- Leading Role,Secrets & Lies {'Cynthia'},Actress -- Leading Role,NO
284,Best Performance by an Actress in a Motion Picture - Drama,"English Patient, The",1997,Kristin Scott Thomas,Nominee,Actress -- Leading Role,The English Patient {'Katharine Clifton'},Actress -- Leading Role,NO
285,Best Performance by an Actress in a Motion Picture - Drama,Breaking The Waves,1997,Emily Watson,Nominee,Actress -- Leading Role,Breaking the Waves {'Bess'},Actress -- Leading Role,NO
286,Best Performance by an Actor in a Motion Picture - Drama,Shine,1997,Geoffrey Rush,Winner,Actor -- Leading Role,Shine {'David Helfgott'},Actor -- Leading Role,YES
287,Best Performance by an Actor in a Motion Picture - Drama,"English Patient, The",1997,Ralph Fiennes,Nominee,Actor -- Leading Role,The English Patient {'Almasy'},Actor -- Leading Role,NO
288,Best Performance by an Actor in a Motion Picture - Drama,"People vs. Larry Flynt, The",1997,Woody Harrelson,Nominee,Actor -- Leading Role,The People vs. Larry Flynt {'Larry Flynt'},Actor -- Leading Role,NO
289,Best Performance by an Actress in a Motion Picture - Musical or Comedy,Fargo,1997,Frances McDormand,Nominee,Actress -- Leading Role,Fargo {'Marge Gunderson'},Actress -- Leading Role,YES
290,Best Performance by an Actor in a Motion Picture - Musical or Comedy,Jerry Maguire,1997,Tom Cruise,Winner,Actor -- Leading Role,Jerry Maguire {'Jerry Maguire'},Actor -- Leading Role,NO
291,Best Director - Motion Picture,"People vs. Larry Flynt, The",1997,Milos Forman,Winner,Directing,Milos Forman,Directing,NO
292,Best Director - Motion Picture,Fargo,1997,Joel Coen,Nominee,Directing,Joel Coen,Directing,NO
293,Best Director - Motion Picture,Shine,1997,Scott Hicks,Nominee,Directing,Scott Hicks,Directing,NO
294,Best Director - Motion Picture,"English Patient, The",1997,Anthony Minghella,Nominee,Directing,Anthony Minghella,Directing,YES
295,Best Motion Picture - Drama,,1998,Titanic,Winner,Best Picture,"James Cameron and Jon Landau, Producers",Best Picture,YES
296,Best Motion Picture - Drama,,1998,Good Will Hunting,Nominee,Best Picture,"Lawrence Bender, Producer",Best Picture,NO
297,Best Motion Picture - Drama,,1998,L.A. Confidential,Nominee,Best Picture,"Arnon Milchan, Curtis Hanson and Michael Nathanson, Producers",Best Picture,NO
298,Best Motion Picture - Musical or Comedy,,1998,As Good as It Gets,Winner,Best Picture,"James L. Brooks, Bridget Johnson and Kristi Zea, Producers",Best Picture,NO
299,Best Motion Picture - Musical or Comedy,,1998,The Full Monty,Nominee,Best Picture,"Uberto Pasolini, Producer",Best Picture,NO
300,Best Performance by an Actress in a Motion Picture - Drama,Mrs Brown,1998,Judi Dench,Winner,Actress -- Leading Role,Mrs. Brown {'Queen Victoria'},Actress -- Leading Role,NO
301,Best Performance by an Actress in a Motion Picture - Drama,"Wings of the Dove, The",1998,Helena Bonham Carter,Nominee,Actress -- Leading Role,The Wings of the Dove {'Kate Croy'},Actress -- Leading Role,NO
302,Best Performance by an Actress in a Motion Picture - Drama,Titanic,1998,Kate Winslet,Nominee,Actress -- Leading Role,Titanic {'Rose DeWitt Bukater'},Actress -- Leading Role,NO
303,Best Performance by an Actor in a Motion Picture - Drama,Ulee's Gold,1998,Peter Fonda,Winner,Actor -- Leading Role,Ulee's Gold {'Ulee Jackson'},Actor -- Leading Role,NO
304,Best Performance by an Actor in a Motion Picture - Drama,Good Will Hunting,1998,Matt Damon,Nominee,Actor -- Leading Role,Good Will Hunting {'Will Hunting'},Actor -- Leading Role,NO
305,Best Performance by an Actress in a Motion Picture - Musical or Comedy,As Good as It Gets,1998,Helen Hunt,Winner,Actress -- Leading Role,As Good as It Gets {'Carol Connelly'},Actress -- Leading Role,YES
306,Best Performance by an Actor in a Motion Picture - Musical or Comedy,As Good as It Gets,1998,Jack Nicholson,Winner,Actor -- Leading Role,As Good as It Gets {'Melvin Udall'},Actor -- Leading Role,YES
307,Best Performance by an Actor in a Motion Picture - Musical or Comedy,Wag the Dog,1998,Dustin Hoffman,Nominee,Actor -- Leading Role,Wag the Dog {'Stanley Motss'},Actor -- Leading Role,NO
308,Best Director - Motion Picture,Titanic,1998,James Cameron,Winner,Directing,James Cameron,Directing,YES
309,Best Director - Motion Picture,L.A. Confidential,1998,Curtis Hanson,Nominee,Directing,Curtis Hanson,Directing,NO
310,Best Motion Picture - Drama,,1999,Saving Private Ryan,Winner,Best Picture,"Steven Spielberg, Ian Bryce, Mark Gordon and Gary Levinsohn, Producers",Best Picture,NO
311,Best Motion Picture - Drama,,1999,Elizabeth,Nominee,Best Picture,"Alison Owen, Eric Fellner and Tim Bevan, Producers",Best Picture,NO
312,Best Motion Picture - Musical or Comedy,,1999,Shakespeare in Love,Winner,Best Picture,"David Parfitt, Donna Gigliotti, Harvey Weinstein, Edward Zwick and Marc Norman, Producers",Best Picture,YES
313,Best Performance by an Actress in a Motion Picture - Drama,Elizabeth,1999,Cate Blanchett,Winner,Actress -- Leading Role,Elizabeth {'Queen Elizabeth I'},Actress -- Leading Role,NO
314,Best Performance by an Actress in a Motion Picture - Drama,Central Station,1999,Fernanda Montenegro,Nominee,Actress -- Leading Role,Central Station {'Dora'},Actress -- Leading Role,NO
315,Best Performance by an Actress in a Motion Picture - Drama,One True Thing,1999,Meryl Streep,Nominee,Actress -- Leading Role,One True Thing {'Kate Gulden'},Actress -- Leading Role,NO
316,Best Performance by an Actress in a Motion Picture - Drama,Hilary and Jackie,1999,Emily Watson,Nominee,Actress -- Leading Role,Hilary and Jackie {'Jacqueline du Pr_'},Actress -- Leading Role,NO
317,Best Performance by an Actor in a Motion Picture - Drama,Saving Private Ryan,1999,Tom Hanks,Nominee,Actor -- Leading Role,Saving Private Ryan {'Captain Miller'},Actor -- Leading Role,NO
318,Best Performance by an Actor in a Motion Picture - Drama,Gods and Monsters,1999,Ian McKellen,Nominee,Actor -- Leading Role,Gods and Monsters {'James Whale'},Actor -- Leading Role,NO
319,Best Performance by an Actor in a Motion Picture - Drama,Affliction,1999,Nick Nolte,Nominee,Actor -- Leading Role,Affliction {'Wade Whitehouse'},Actor -- Leading Role,NO
320,Best Performance by an Actress in a Motion Picture - Musical or Comedy,Shakespeare in Love,1999,Gwyneth Paltrow,Winner,Actress -- Leading Role,Shakespeare in Love {'Viola De Lesseps'},Actress -- Leading Role,YES
321,Best Director - Motion Picture,Saving Private Ryan,1999,Steven Spielberg,Winner,Directing,Steven Spielberg,Directing,YES
322,Best Director - Motion Picture,Shakespeare in Love,1999,John Madden,Nominee,Directing,John Madden,Directing,NO
323,Best Director - Motion Picture,"Truman Show, The",1999,Peter Weir,Nominee,Directing,Peter Weir,Directing,NO
324,Best Motion Picture - Drama,,2000,American Beauty,Winner,Best Picture,"Bruce Cohen and Dan Jinks, Producers",Best Picture,YES
325,Best Motion Picture - Drama,,2000,The Insider,Nominee,Best Picture,"Michael Mann and Pieter Jan Brugge, Producers",Best Picture,NO
326,Best Performance by an Actress in a Motion Picture - Drama,Boys Don't Cry,2000,Hilary Swank,Winner,Actress -- Leading Role,Boys Don't Cry {'Brandon Teena/Teena Brandon'},Actress -- Leading Role,YES
327,Best Performance by an Actress in a Motion Picture - Drama,American Beauty,2000,Annette Bening,Nominee,Actress -- Leading Role,American Beauty {'Carolyn Burnham'},Actress -- Leading Role,NO
328,Best Performance by an Actress in a Motion Picture - Drama,"End of the Affair, The",2000,Julianne Moore,Nominee,Actress -- Leading Role,The End of the Affair {'Sarah Miles'},Actress -- Leading Role,NO
329,Best Performance by an Actress in a Motion Picture - Musical or Comedy,"Ideal Husband, An",2000,Julianne Moore,Nominee,Actress -- Leading Role,The End of the Affair {'Sarah Miles'},Actress -- Leading Role,NO
330,Best Performance by an Actress in a Motion Picture - Drama,Music of the Heart,2000,Meryl Streep,Nominee,Actress -- Leading Role,Music of the Heart {'Roberta Guaspari'},Actress -- Leading Role,NO
331,Best Performance by an Actor in a Motion Picture - Drama,"Hurricane, The",2000,Denzel Washington,Winner,Actor -- Leading Role,The Hurricane {'Rubin 'Hurricane' Carter'},Actor -- Leading Role,NO
332,Best Performance by an Actor in a Motion Picture - Drama,"Insider, The",2000,Russell Crowe,Nominee,Actor -- Leading Role,The Insider {'Jeffrey Wigand'},Actor -- Leading Role,NO
333,Best Performance by an Actor in a Motion Picture - Drama,"Straight Story, The",2000,Richard Farnsworth,Nominee,Actor -- Leading Role,The Straight Story {'Alvin Straight'},Actor -- Leading Role,NO
334,Best Performance by an Actor in a Motion Picture - Drama,American Beauty,2000,Kevin Spacey,Nominee,Actor -- Leading Role,American Beauty {'Lester Burnham'},Actor -- Leading Role,YES
335,Best Performance by an Actress in a Motion Picture - Musical or Comedy,Tumbleweeds,2000,Janet McTeer,Winner,Actress -- Leading Role,Tumbleweeds {'Mary Jo Walker'},Actress -- Leading Role,NO
336,Best Performance by an Actor in a Motion Picture - Musical or Comedy,Sweet and Lowdown,2000,Sean Penn,Nominee,Actor -- Leading Role,Sweet and Lowdown {'Emmet Ray'},Actor -- Leading Role,NO
337,Best Director - Motion Picture,American Beauty,2000,Sam Mendes,Winner,Directing,Sam Mendes,Directing,YES
338,Best Director - Motion Picture,"Insider, The",2000,Michael Mann,Nominee,Directing,Michael Mann,Directing,NO
339,Best Motion Picture - Drama,,2001,Gladiator,Winner,Best Picture,"Douglas Wick, David Franzoni and Branko Lustig, Producers",Best Picture,YES
340,Best Motion Picture - Drama,,2001,Erin Brockovich,Nominee,Best Picture,"Danny DeVito, Michael Shamberg and Stacey Sher, Producers",Best Picture,NO
341,Best Motion Picture - Drama,,2001,Traffic,Nominee,Best Picture,"Edward Zwick, Marshall Herskovitz and Laura Bickford, Producers",Best Picture,NO
342,Best Motion Picture - Musical or Comedy,,2001,Chocolat,Nominee,Best Picture,"David Brown, Kit Golden and Leslie Holleran, Producers",Best Picture,NO
343,Best Performance by an Actress in a Motion Picture - Drama,Erin Brockovich,2001,Julia Roberts,Winner,Actress -- Leading Role,Erin Brockovich {'Erin Brockovich'},Actress -- Leading Role,YES
344,Best Performance by an Actress in a Motion Picture - Drama,"Contender, The",2001,Joan Allen,Nominee,Actress -- Leading Role,The Contender {'Laine Hanson'},Actress -- Leading Role,NO
345,Best Performance by an Actress in a Motion Picture - Drama,Requiem For a Dream,2001,Ellen Burstyn,Nominee,Actress -- Leading Role,Requiem for a Dream {'Sara Goldfarb'},Actress -- Leading Role,NO
346,Best Performance by an Actress in a Motion Picture - Drama,You Can Count On Me,2001,Laura Linney,Nominee,Actress -- Leading Role,You Can Count on Me {'Samantha 'Sammy' Prescott'},Actress -- Leading Role,NO
347,Best Performance by an Actor in a Motion Picture - Drama,Cast Away,2001,Tom Hanks,Winner,Actor -- Leading Role,Cast Away {'Chuck Noland'},Actor -- Leading Role,NO
348,Best Performance by an Actor in a Motion Picture - Drama,Before Night Falls,2001,Javier Bardem,Nominee,Actor -- Leading Role,Before Night Falls {'Reinaldo Arenas'},Actor -- Leading Role,NO
349,Best Performance by an Actor in a Motion Picture - Drama,Gladiator,2001,Russell Crowe,Nominee,Actor -- Leading Role,Gladiator {'Maximus Decimus Meridius'},Actor -- Leading Role,YES
350,Best Performance by an Actor in a Motion Picture - Drama,Quills,2001,Geoffrey Rush,Nominee,Actor -- Leading Role,Quills {'The Marquis de Sade'},Actor -- Leading Role,NO
351,Best Performance by an Actress in a Motion Picture - Musical or Comedy,Chocolat,2001,Juliette Binoche,Nominee,Actress -- Leading Role,Chocolat {'Vianne Rocher'},Actress -- Leading Role,NO
352,Best Director - Motion Picture,"Crouching Tiger, Hidden Dragon",2001,Ang Lee,Winner,Directing,Ang Lee,Directing,NO
353,Best Director - Motion Picture,Gladiator,2001,Ridley Scott,Nominee,Directing,Ridley Scott,Directing,NO
354,Best Director - Motion Picture,Erin Brockovich,2001,Steven Soderbergh,Nominee,Directing,Steven Soderbergh,Directing,NO
355,Best Director - Motion Picture,Erin Brockovich,2001,Steven Soderbergh,Nominee,Directing,Steven Soderbergh,Directing,YES
356,Best Director - Motion Picture,Traffic,2001,Steven Soderbergh,Nominee,Directing,Steven Soderbergh,Directing,NO
357,Best Director - Motion Picture,Traffic,2001,Steven Soderbergh,Nominee,Directing,Steven Soderbergh,Directing,YES
358,Best Motion Picture - Foreign Language,Taiwan,2001,"Crouching Tiger, Hidden Dragon",Winner,Best Picture,"Bill Kong, Hsu Li Kong and Ang Lee, Producers",Best Picture,NO
359,Best Motion Picture - Drama,,2002,A Beautiful Mind,Winner,Best Picture,"Brian Grazer and Ron Howard, Producers",Best Picture,YES
360,Best Motion Picture - Drama,,2002,The Lord of the Rings: The Fellowship of the Ring,Nominee,Best Picture,"Peter Jackson, Fran Walsh and Barrie M. Osborne, Producers",Best Picture,NO
361,Best Motion Picture - Musical or Comedy,,2002,Gosford Park,Nominee,Best Picture,"Robert Altman, Bob Balaban and David Levy, Producers",Best Picture,NO
362,Best Performance by an Actress in a Motion Picture - Drama,In The Bedroom,2002,Sissy Spacek,Winner,Actress -- Leading Role,In the Bedroom {'Ruth Fowler'},Actress -- Leading Role,NO
363,Best Performance by an Actress in a Motion Picture - Drama,Monster's Ball,2002,Halle Berry,Nominee,Actress -- Leading Role,Monster's Ball {'Leticia Musgrove'},Actress -- Leading Role,YES
364,Best Performance by an Actress in a Motion Picture - Drama,Iris,2002,Judi Dench,Nominee,Actress -- Leading Role,Iris {'Iris Murdoch'},Actress -- Leading Role,NO
365,Best Performance by an Actress in a Motion Picture - Drama,"Others, The",2002,Nicole Kidman,Nominee,Actress -- Leading Role,Moulin Rouge {'Satine'},Actress -- Leading Role,NO
366,Best Performance by an Actress in a Motion Picture - Musical or Comedy,Moulin Rouge!,2002,Nicole Kidman,Winner,Actress -- Leading Role,Moulin Rouge {'Satine'},Actress -- Leading Role,NO
367,Best Performance by an Actor in a Motion Picture - Drama,"Beautiful Mind, A",2002,Russell Crowe,Winner,Actor -- Leading Role,A Beautiful Mind {'John Nash'},Actor -- Leading Role,NO
368,Best Performance by an Actor in a Motion Picture - Drama,Ali,2002,Will Smith,Nominee,Actor -- Leading Role,Ali {'Muhammad Ali'},Actor -- Leading Role,NO
369,Best Performance by an Actor in a Motion Picture - Drama,Training Day,2002,Denzel Washington,Nominee,Actor -- Leading Role,Training Day {'Alonzo'},Actor -- Leading Role,YES
370,Best Director - Motion Picture,Gosford Park,2002,Robert Altman,Winner,Directing,Robert Altman,Directing,NO
371,Best Director - Motion Picture,"Beautiful Mind, A",2002,Ron Howard,Nominee,Directing,Ron Howard,Directing,YES
372,Best Director - Motion Picture,"Lord of the Rings: The Fellowship of the Ring, The",2002,Peter Jackson,Nominee,Directing,Peter Jackson,Directing,NO
373,Best Director - Motion Picture,Mulholland Dr.,2002,David Lynch,Nominee,Directing,David Lynch,Directing,NO
374,Best Motion Picture - Drama,,2003,The Hours,Winner,Best Picture,"Scott Rudin and Robert Fox, Producers",Best Picture,NO
375,Best Motion Picture - Drama,,2003,Gangs of New York,Nominee,Best Picture,"Alberto Grimaldi and Harvey Weinstein, Producers",Best Picture,NO
376,Best Motion Picture - Drama,,2003,The Lord of the Rings: The Two Towers,Nominee,Best Picture,"Barrie M. Osborne, Fran Walsh and Peter Jackson, Producers",Best Picture,NO
377,Best Motion Picture - Drama,,2003,The Pianist,Nominee,Best Picture,"Roman Polanski, Robert Benmussa and Alain Sarde, Producers",Best Picture,NO
378,Best Motion Picture - Musical or Comedy,,2003,Chicago,Winner,Best Picture,"Martin Richards, Producer",Best Picture,YES
379,Best Performance by an Actress in a Motion Picture - Drama,"Hours, The",2003,Nicole Kidman,Winner,Actress -- Leading Role,The Hours {'Virginia Woolf'},Actress -- Leading Role,YES
380,Best Performance by an Actress in a Motion Picture - Drama,Frida,2003,Salma Hayek,Nominee,Actress -- Leading Role,Frida {'Frida Kahlo'},Actress -- Leading Role,NO
381,Best Performance by an Actress in a Motion Picture - Drama,Unfaithful,2003,Diane Lane,Nominee,Actress -- Leading Role,Unfaithful {'Connie Sumner'},Actress -- Leading Role,NO
382,Best Performance by an Actress in a Motion Picture - Drama,Far From Heaven,2003,Julianne Moore,Nominee,Actress -- Leading Role,Far from Heaven {'Cathy Whitaker'},Actress -- Leading Role,NO
383,Best Performance by an Actor in a Motion Picture - Drama,About Schmidt,2003,Jack Nicholson,Winner,Actor -- Leading Role,About Schmidt {'Warren Schmidt'},Actor -- Leading Role,NO
384,Best Performance by an Actor in a Motion Picture - Drama,"Pianist, The",2003,Adrien Brody,Nominee,Actor -- Leading Role,The Pianist {'Wladyslaw Szpilman'},Actor -- Leading Role,YES
385,Best Performance by an Actor in a Motion Picture - Drama,"Quiet American, The",2003,Michael Caine,Nominee,Actor -- Leading Role,The Quiet American {'Thomas Fowler'},Actor -- Leading Role,NO
386,Best Performance by an Actor in a Motion Picture - Drama,Gangs of New York,2003,Daniel Day-Lewis,Nominee,Actor -- Leading Role,Gangs of New York {'Bill 'The Butcher' Cutting'},Actor -- Leading Role,NO
387,Best Performance by an Actor in a Motion Picture - Musical or Comedy,Adaptation,2003,Nicolas Cage,Nominee,Actor -- Leading Role,Adaptation {'Charlie Kaufman & Donald Kaufman'},Actor -- Leading Role,NO
388,Best Director - Motion Picture,Gangs of New York,2003,Martin Scorsese,Winner,Directing,Martin Scorsese,Directing,NO
389,Best Director - Motion Picture,"Hours, The",2003,Stephen Daldry,Nominee,Directing,Stephen Daldry,Directing,NO
390,Best Director - Motion Picture,Chicago,2003,Rob Marshall,Nominee,Directing,Rob Marshall,Directing,NO
391,Best Motion Picture - Drama,,2004,The Lord of the Rings: The Return of the King,Winner,Best Picture,"Barrie M. Osborne, Peter Jackson and Fran Walsh, Producers",Best Picture,YES
392,Best Motion Picture - Drama,,2004,Master and Commander: The Far Side of the World,Nominee,Best Picture,"Samuel Goldwyn, Jr., Peter Weir and Duncan Henderson, Producers",Best Picture,NO
393,Best Motion Picture - Drama,,2004,Mystic River,Nominee,Best Picture,"Robert Lorenz, Judie G. Hoyt and Clint Eastwood, Producers",Best Picture,NO
394,Best Motion Picture - Drama,,2004,Seabiscuit,Nominee,Best Picture,"Kathleen Kennedy, Frank Marshall and Gary Ross, Producers",Best Picture,NO
395,Best Motion Picture - Musical or Comedy,,2004,Lost in Translation,Winner,Best Picture,"Ross Katz and Sofia Coppola, Producers",Best Picture,NO
396,Best Performance by an Actress in a Motion Picture - Drama,Monster,2004,Charlize Theron,Winner,Actress -- Leading Role,Monster {'Aileen Wuornos'},Actress -- Leading Role,YES
397,Best Performance by an Actor in a Motion Picture - Drama,Mystic River,2004,Sean Penn,Winner,Actor -- Leading Role,Mystic River {'Jimmy Markum'},Actor -- Leading Role,YES
398,Best Performance by an Actor in a Motion Picture - Drama,House of Sand and Fog,2004,Ben Kingsley,Nominee,Actor -- Leading Role,House of Sand and Fog {'Behrani'},Actor -- Leading Role,NO
399,Best Performance by an Actor in a Motion Picture - Drama,Cold Mountain,2004,Jude Law,Nominee,Actor -- Leading Role,Cold Mountain {'Inman'},Actor -- Leading Role,NO
400,Best Performance by an Actress in a Motion Picture - Musical or Comedy,Something's Gotta Give,2004,Diane Keaton,Winner,Actress -- Leading Role,Something's Gotta Give {'Erica Barry'},Actress -- Leading Role,NO
401,Best Performance by an Actor in a Motion Picture - Musical or Comedy,Lost in Translation,2004,Bill Murray,Winner,Actor -- Leading Role,Lost in Translation {'Bob Harris'},Actor -- Leading Role,NO
402,Best Performance by an Actor in a Motion Picture - Musical or Comedy,Pirates of the Caribbean: The Curse of the Black Pearl,2004,Johnny Depp,Nominee,Actor -- Leading Role,Pirates of the Caribbean: The Curse of the Black Pearl {'Jack Sparrow'},Actor -- Leading Role,NO
403,Best Director - Motion Picture,"Lord of the Rings: The Return of the King, The",2004,Peter Jackson,Winner,Directing,Peter Jackson,Directing,YES
404,Best Director - Motion Picture,Lost in Translation,2004,Sofia Coppola,Nominee,Directing,Sofia Coppola,Directing,NO
405,Best Director - Motion Picture,Mystic River,2004,Clint Eastwood,Nominee,Directing,Clint Eastwood,Directing,NO
406,Best Director - Motion Picture,Master and Commander: The Far Side of the World,2004,Peter Weir,Nominee,Directing,Peter Weir,Directing,NO
407,Best Motion Picture - Drama,,2005,The Aviator,Winner,Best Picture,"Michael Mann and Graham King, Producers",Best Picture,NO
408,Best Motion Picture - Drama,,2005,Finding Neverland,Nominee,Best Picture,"Richard N. Gladstein and Nellie Bellflower, Producers",Best Picture,NO
409,Best Motion Picture - Drama,,2005,Million Dollar Baby,Nominee,Best Picture,"Clint Eastwood, Albert S. Ruddy and Tom Rosenberg, Producers",Best Picture,YES
410,Best Motion Picture - Musical or Comedy,,2005,Sideways,Winner,Best Picture,"Michael London, Producer",Best Picture,NO
411,Best Motion Picture - Musical or Comedy,,2005,Ray,Nominee,Best Picture,"Taylor Hackford, Stuart Benjamin and Howard Baldwin, Producers",Best Picture,NO
412,Best Performance by an Actress in a Motion Picture - Drama,Million Dollar Baby,2005,Hilary Swank,Winner,Actress -- Leading Role,Million Dollar Baby {'Maggie Fitzgerald'},Actress -- Leading Role,YES
413,Best Performance by an Actress in a Motion Picture - Drama,Vera Drake,2005,Imelda Staunton,Nominee,Actress -- Leading Role,Vera Drake {'Vera'},Actress -- Leading Role,NO
414,Best Performance by an Actor in a Motion Picture - Drama,"Aviator, The",2005,Leonardo DiCaprio,Winner,Actor -- Leading Role,The Aviator {'Howard Hughes'},Actor -- Leading Role,NO
415,Best Performance by an Actor in a Motion Picture - Drama,Hotel Rwanda,2005,Don Cheadle,Nominee,Actor -- Leading Role,Hotel Rwanda {'Paul Rusesabagina'},Actor -- Leading Role,NO
416,Best Performance by an Actor in a Motion Picture - Drama,Finding Neverland,2005,Johnny Depp,Nominee,Actor -- Leading Role,Finding Neverland {'Sir James Matthew Barrie'},Actor -- Leading Role,NO
417,Best Performance by an Actress in a Motion Picture - Musical or Comedy,Being Julia,2005,Annette Bening,Winner,Actress -- Leading Role,Being Julia {'Julia Lambert'},Actress -- Leading Role,NO
418,Best Performance by an Actress in a Motion Picture - Musical or Comedy,Eternal Sunshine of The Spotless Mind,2005,Kate Winslet,Nominee,Actress -- Leading Role,Eternal Sunshine of the Spotless Mind {'Clementine Kruczynski'},Actress -- Leading Role,NO
419,Best Performance by an Actor in a Motion Picture - Musical or Comedy,Ray,2005,Jamie Foxx,Winner,Actor -- Leading Role,Ray {'Ray Charles'},Actor -- Leading Role,YES
420,Best Director - Motion Picture,Million Dollar Baby,2005,Clint Eastwood,Winner,Actor -- Leading Role,Million Dollar Baby {'Frankie Dunn'},Actor -- Leading Role,NO
421,Best Director - Motion Picture,Million Dollar Baby,2005,Clint Eastwood,Winner,Directing,Clint Eastwood,Directing,YES
422,Best Director - Motion Picture,"Aviator, The",2005,Martin Scorsese,Nominee,Directing,Martin Scorsese,Directing,NO
423,Best Director - Motion Picture,Sideways,2005,Alexander Payne,Nominee,Directing,Alexander Payne,Directing,NO
424,Best Motion Picture - Drama,,2006,Brokeback Mountain,Winner,Best Picture,"Diana Ossana and James Schamus, Producers",Best Picture,NO
425,Best Performance by an Actress in a Motion Picture - Drama,Transamerica,2006,Felicity Huffman,Winner,Actress -- Leading Role,Transamerica {'Bree'},Actress -- Leading Role,NO
426,Best Performance by an Actress in a Motion Picture - Drama,North Country,2006,Charlize Theron,Nominee,Actress -- Leading Role,North Country {'Josey Aimes'},Actress -- Leading Role,NO
427,Best Performance by an Actor in a Motion Picture - Drama,Capote,2006,Philip Seymour Hoffman,Winner,Actor -- Leading Role,Capote {'Truman Capote'},Actor -- Leading Role,YES
428,Best Performance by an Actor in a Motion Picture - Drama,Hustle & Flow,2006,Terrence Howard,Nominee,Actor -- Leading Role,Hustle & Flow {'DJay'},Actor -- Leading Role,NO
429,Best Performance by an Actor in a Motion Picture - Drama,Brokeback Mountain,2006,Heath Ledger,Nominee,Actor -- Leading Role,Brokeback Mountain {'Ennis Del Mar'},Actor -- Leading Role,NO
430,Best Performance by an Actor in a Motion Picture - Drama,"Good Night, and Good Luck",2006,David Strathairn,Nominee,Actor -- Leading Role,"Good Night, and Good Luck. {'Edward R. Murrow'}",Actor -- Leading Role,NO
431,Best Performance by an Actress in a Motion Picture - Musical or Comedy,Walk The Line,2006,Reese Witherspoon,Winner,Actress -- Leading Role,Walk the Line {'June Carter'},Actress -- Leading Role,YES
432,Best Performance by an Actress in a Motion Picture - Musical or Comedy,Mrs. Henderson Presents,2006,Judi Dench,Nominee,Actress -- Leading Role,Mrs. Henderson Presents {'Mrs. Laura Henderson'},Actress -- Leading Role,NO
433,Best Performance by an Actress in a Motion Picture - Musical or Comedy,Pride & Prejudice,2006,Keira Knightley,Nominee,Actress -- Leading Role,Pride & Prejudice {'Elizabeth Bennet'},Actress -- Leading Role,NO
434,Best Performance by an Actor in a Motion Picture - Musical or Comedy,Walk The Line,2006,Joaquin Phoenix,Winner,Actor -- Leading Role,Walk the Line {'John R. Cash'},Actor -- Leading Role,NO
435,Best Director - Motion Picture,Brokeback Mountain,2006,Ang Lee,Winner,Directing,Ang Lee,Directing,YES
436,Best Director - Motion Picture,"Good Night, and Good Luck",2006,George Clooney,Nominee,Directing,George Clooney,Directing,NO
437,Best Director - Motion Picture,Munich,2006,Steven Spielberg,Nominee,Directing,Steven Spielberg,Directing,NO
438,Best Motion Picture - Drama,,2007,Babel,Winner,Best Picture,"Alejandro Gonzlez Irritu, Jon Kilik and Steve Golin, Producers",Best Picture,NO
439,Best Motion Picture - Drama,,2007,The Departed,Nominee,Best Picture,"Graham King, Producer",Best Picture,YES
440,Best Motion Picture - Drama,,2007,The Queen,Nominee,Best Picture,"Andy Harries, Christine Langan and Tracey Seaward, Producers",Best Picture,NO
441,Best Motion Picture - Musical or Comedy,,2007,Little Miss Sunshine,Nominee,Best Picture,"David T. Friendly, Peter Saraf and Marc Turtletaub, Producers",Best Picture,NO
442,Best Performance by an Actress in a Motion Picture - Drama,"Queen, The",2007,Helen Mirren,Winner,Actress -- Leading Role,The Queen {'The Queen'},Actress -- Leading Role,YES
443,Best Performance by an Actress in a Motion Picture - Drama,Notes On a Scandal,2007,Judi Dench,Nominee,Actress -- Leading Role,Notes on a Scandal {'Barbara Covett'},Actress -- Leading Role,NO
444,Best Performance by an Actress in a Motion Picture - Drama,Little Children,2007,Kate Winslet,Nominee,Actress -- Leading Role,Little Children {'Sarah Pierce'},Actress -- Leading Role,NO
445,Best Performance by an Actor in a Motion Picture - Drama,"Last King of Scotland, The",2007,Forest Whitaker,Winner,Actor -- Leading Role,The Last King of Scotland {'Idi Amin'},Actor -- Leading Role,YES
446,Best Performance by an Actor in a Motion Picture - Drama,Blood Diamond,2007,Leonardo DiCaprio,Nominee,Actor -- Leading Role,Blood Diamond {'Danny Archer'},Actor -- Leading Role,NO
447,Best Performance by an Actor in a Motion Picture - Drama,"Departed, The",2007,Leonardo DiCaprio,Nominee,Actor -- Leading Role,Blood Diamond {'Danny Archer'},Actor -- Leading Role,NO
448,Best Performance by an Actor in a Motion Picture - Drama,Venus,2007,Peter O'Toole,Nominee,Actor -- Leading Role,Venus {'Maurice'},Actor -- Leading Role,NO
449,Best Performance by an Actor in a Motion Picture - Drama,"Pursuit of Happyness, The",2007,Will Smith,Nominee,Actor -- Leading Role,The Pursuit of Happyness {'Chris Gardner'},Actor -- Leading Role,NO
450,Best Performance by an Actress in a Motion Picture - Musical or Comedy,"Devil Wears Prada, The",2007,Meryl Streep,Winner,Actress -- Leading Role,The Devil Wears Prada {'Miranda Priestly'},Actress -- Leading Role,NO
451,Best Director - Motion Picture,"Departed, The",2007,Martin Scorsese,Winner,Directing,Martin Scorsese,Directing,YES
452,Best Director - Motion Picture,Flags of Our Fathers,2007,Clint Eastwood,Nominee,Directing,Clint Eastwood,Directing,NO
453,Best Director - Motion Picture,Letters From Iwo Jima,2007,Clint Eastwood,Nominee,Directing,Clint Eastwood,Directing,NO
454,Best Director - Motion Picture,"Queen, The",2007,Stephen Frears,Nominee,Directing,Stephen Frears,Directing,NO
455,Best Motion Picture - Drama,,2008,Atonement,Winner,Best Picture,"Tim Bevan, Eric Fellner and Paul Webster, Producers",Best Picture,NO
456,Best Motion Picture - Drama,,2008,Michael Clayton,Nominee,Best Picture,"Sydney Pollack, Jennifer Fox and Kerry Orent, Producers",Best Picture,NO
457,Best Motion Picture - Drama,,2008,No Country for Old Men,Nominee,Best Picture,"Scott Rudin, Ethan Coen and Joel Coen, Producers",Best Picture,YES
458,Best Motion Picture - Drama,,2008,There Will Be Blood,Nominee,Best Picture,"JoAnne Sellar, Paul Thomas Anderson and Daniel Lupi, Producers",Best Picture,NO
459,Best Motion Picture - Musical or Comedy,,2008,Juno,Nominee,Best Picture,"Lianne Halfon, Mason Novick and Russell Smith, Producers",Best Picture,NO
460,Best Performance by an Actress in a Motion Picture - Drama,Away From Her,2008,Julie Christie,Winner,Actress -- Leading Role,Away from Her {'Fiona'},Actress -- Leading Role,NO
461,Best Performance by an Actress in a Motion Picture - Drama,Elizabeth:  The Golden Age,2008,Cate Blanchett,Nominee,Actress -- Leading Role,Elizabeth: The Golden Age {'Queen Elizabeth I'},Actress -- Leading Role,NO
462,Best Performance by an Actor in a Motion Picture - Drama,There Will Be Blood,2008,Daniel Day-Lewis,Winner,Actor -- Leading Role,There Will Be Blood {'Daniel Plainview'},Actor -- Leading Role,YES
463,Best Performance by an Actor in a Motion Picture - Drama,Michael Clayton,2008,George Clooney,Nominee,Actor -- Leading Role,Michael Clayton {'Michael Clayton'},Actor -- Leading Role,NO
464,Best Performance by an Actor in a Motion Picture - Drama,Eastern Promises,2008,Viggo Mortensen,Nominee,Actor -- Leading Role,Eastern Promises {'Nikolai'},Actor -- Leading Role,NO
465,Best Performance by an Actress in a Motion Picture - Musical or Comedy,La Vie En Rose,2008,Marion Cotillard,Winner,Actress -- Leading Role,La Vie en Rose {'Edith Piaf'},Actress -- Leading Role,YES
466,Best Performance by an Actress in a Motion Picture - Musical or Comedy,Juno,2008,Ellen Page,Nominee,Actress -- Leading Role,Juno {'Juno MacGuff'},Actress -- Leading Role,NO
467,Best Performance by an Actor in a Motion Picture - Musical or Comedy,Sweeney Todd: The Demon Barber of Fleet Street,2008,Johnny Depp,Winner,Actor -- Leading Role,Sweeney Todd The Demon Barber of Fleet Street {'Sweeney Todd'},Actor -- Leading Role,NO
468,Best Director - Motion Picture,"Diving Bell and the Butterfly, The",2008,Julian Schnabel,Winner,Directing,Julian Schnabel,Directing,NO
469,Best Motion Picture - Drama,,2009,Slumdog Millionaire,Winner,Best Picture,"Christian Colson, Producer",Best Picture,YES
470,Best Motion Picture - Drama,,2009,Frost/Nixon,Nominee,Best Picture,"Brian Grazer, Ron Howard and Eric Fellner, Producers",Best Picture,NO
471,Best Motion Picture - Drama,,2009,The Reader,Nominee,Best Picture,"Anthony Minghella, Sydney Pollack, Donna Gigliotti and Redmond Morris, Producers",Best Picture,NO
472,Best Motion Picture - Drama,,2009,The Curious Case of Benjamin Button,Nominee,Best Picture,"Kathleen Kennedy, Frank Marshall and Cen Chaffin, Producers",Best Picture,NO
473,Best Performance by an Actress in a Motion Picture - Drama,Revolutionary Road,2009,Kate Winslet,Winner,Actress -- Leading Role,The Reader {'Hanna Schmitz'},Actress -- Leading Role,YES
474,Best Performance by an Actress in a Motion Picture - Drama,Doubt,2009,Meryl Streep,Nominee,Actress -- Leading Role,Doubt {'Sister Aloysius Beauvier'},Actress -- Leading Role,NO
475,Best Performance by an Actress in a Motion Picture - Musical or Comedy,Mamma Mia!,2009,Meryl Streep,Nominee,Actress -- Leading Role,Doubt {'Sister Aloysius Beauvier'},Actress -- Leading Role,NO
476,Best Performance by an Actress in a Motion Picture - Drama,Rachel Getting Married,2009,Anne Hathaway,Nominee,Actress -- Leading Role,Rachel Getting Married {'Kym'},Actress -- Leading Role,NO
477,Best Performance by an Actress in a Motion Picture - Drama,Changeling,2009,Angelina Jolie,Nominee,Actress -- Leading Role,Changeling {'Christine Collins'},Actress -- Leading Role,NO
478,Best Performance by an Actor in a Motion Picture - Drama,"Wrestler, The",2009,Mickey Rourke,Winner,Actor -- Leading Role,The Wrestler {'Randy'},Actor -- Leading Role,NO
479,Best Performance by an Actor in a Motion Picture - Drama,Frost/Nixon,2009,Frank Langella,Nominee,Actor -- Leading Role,Frost/Nixon {'Richard Nixon'},Actor -- Leading Role,NO
480,Best Performance by an Actor in a Motion Picture - Drama,Milk,2009,Sean Penn,Nominee,Actor -- Leading Role,Milk {'Harvey Milk'},Actor -- Leading Role,YES
481,Best Performance by an Actor in a Motion Picture - Drama,"Curious Case of Benjamin Button, The",2009,Brad Pitt,Nominee,Actor -- Leading Role,The Curious Case of Benjamin Button {'Benjamin Button'},Actor -- Leading Role,NO
482,Best Director - Motion Picture,Slumdog Millionaire,2009,Danny Boyle,Winner,Directing,Danny Boyle,Directing,YES
483,Best Director - Motion Picture,"Reader, The",2009,Stephen Daldry,Nominee,Directing,Stephen Daldry,Directing,NO
484,Best Director - Motion Picture,"Curious Case of Benjamin Button, The",2009,David Fincher,Nominee,Directing,David Fincher,Directing,NO
485,Best Director - Motion Picture,Frost/Nixon,2009,Ron Howard,Nominee,Directing,Ron Howard,Directing,NO
486,Best Motion Picture - Drama,,2010,Avatar,Winner,Best Picture,"James Cameron and Jon Landau, Producers",Best Picture,NO
487,Best Motion Picture - Drama,,2010,The Hurt Locker,Nominee,Best Picture,"Kathryn Bigelow, Mark Boal, Nicolas Chartier and Greg Shapiro, Producers",Best Picture,YES
488,Best Motion Picture - Drama,,2010,Inglourious Basterds,Nominee,Best Picture,"Lawrence Bender, Producer",Best Picture,NO
489,Best Performance by an Actress in a Motion Picture - Drama,"Blind Side, The",2010,Sandra Bullock,Winner,Actress -- Leading Role,The Blind Side {'Leigh Anne Tuohy'},Actress -- Leading Role,YES
490,Best Performance by an Actress in a Motion Picture - Musical or Comedy,"Proposal, The",2010,Sandra Bullock,Nominee,Actress -- Leading Role,The Blind Side {'Leigh Anne Tuohy'},Actress -- Leading Role,YES
491,Best Performance by an Actress in a Motion Picture - Drama,"Last Station, The",2010,Helen Mirren,Nominee,Actress -- Leading Role,The Last Station {'Sofya'},Actress -- Leading Role,NO
492,Best Performance by an Actress in a Motion Picture - Drama,"Education, An",2010,Carey Mulligan,Nominee,Actress -- Leading Role,An Education {'Jenny'},Actress -- Leading Role,NO
493,Best Performance by an Actress in a Motion Picture - Drama,Precious: Based On The Novel Push By Sapphire,2010,Gabourey Sidibe,Nominee,Actress -- Leading Role,Precious: Based on the Novel 'Push' by Sapphire {'Precious'},Actress -- Leading Role,NO
494,Best Performance by an Actor in a Motion Picture - Drama,Crazy Heart,2010,Jeff Bridges,Winner,Actor -- Leading Role,Crazy Heart {'Bad Blake'},Actor -- Leading Role,YES
495,Best Performance by an Actor in a Motion Picture - Drama,Up In The Air,2010,George Clooney,Nominee,Actor -- Leading Role,Up in the Air {'Ryan Bingham'},Actor -- Leading Role,NO
496,Best Performance by an Actor in a Motion Picture - Drama,"Single Man, A",2010,Colin Firth,Nominee,Actor -- Leading Role,A Single Man {'George'},Actor -- Leading Role,NO
497,Best Performance by an Actor in a Motion Picture - Drama,Invictus,2010,Morgan Freeman,Nominee,Actor -- Leading Role,Invictus {'Nelson Mandela'},Actor -- Leading Role,NO
498,Best Performance by an Actress in a Motion Picture - Musical or Comedy,Julie & Julia,2010,Meryl Streep,Winner,Actress -- Leading Role,Julie & Julia {'Julia Child'},Actress -- Leading Role,NO
499,Best Performance by an Actress in a Motion Picture - Musical or Comedy,It's Complicated,2010,Meryl Streep,Nominee,Actress -- Leading Role,Julie & Julia {'Julia Child'},Actress -- Leading Role,NO
500,Best Director - Motion Picture,Avatar,2010,James Cameron,Winner,Directing,James Cameron,Directing,NO
501,Best Director - Motion Picture,"Hurt Locker, The",2010,Kathryn Bigelow,Nominee,Directing,Kathryn Bigelow,Directing,YES
502,Best Director - Motion Picture,Up In The Air,2010,Jason Reitman,Nominee,Directing,Jason Reitman,Directing,NO
503,Best Director - Motion Picture,Inglourious Basterds,2010,Quentin Tarantino,Nominee,Directing,Quentin Tarantino,Directing,NO
504,Best Motion Picture - Animated,,2010,Up,Winner,Best Picture,"Jonas Rivera, Producer",Best Picture,NO
505,Best Motion Picture - Drama,,2011,The Social Network,Winner,Best Picture,"Scott Rudin, Dana Brunetti, Michael De Luca and Cen Chaffin, Producers",Best Picture,NO
506,Best Motion Picture - Drama,,2011,The Fighter,Nominee,Best Picture,"David Hoberman, Todd Lieberman and Mark Wahlberg, Producers",Best Picture,NO
507,Best Motion Picture - Drama,,2011,Inception,Nominee,Best Picture,"Emma Thomas and Christopher Nolan, Producers",Best Picture,NO
508,Best Motion Picture - Drama,,2011,The King's Speech,Nominee,Best Picture,"Iain Canning, Emile Sherman and Gareth Unwin, Producers",Best Picture,YES
509,Best Motion Picture - Drama,,2011,Black Swan,Nominee,Best Picture,"Mike Medavoy, Brian Oliver and Scott Franklin, Producers",Best Picture,NO
510,Best Motion Picture - Musical or Comedy,,2011,The Kids Are All Right,Winner,Best Picture,"Gary Gilbert, Jeffrey Levy-Hinte and Celine Rattray, Producers",Best Picture,NO
511,Best Performance by an Actress in a Motion Picture - Drama,Black Swan,2011,Natalie Portman,Winner,Actress -- Leading Role,Black Swan {'Nina Sayers/The Swan Queen'},Actress -- Leading Role,YES
512,Best Performance by an Actress in a Motion Picture - Drama,Rabbit Hole,2011,Nicole Kidman,Nominee,Actress -- Leading Role,Rabbit Hole {'Becca'},Actress -- Leading Role,NO
513,Best Performance by an Actress in a Motion Picture - Drama,Winter's Bone,2011,Jennifer Lawrence,Nominee,Actress -- Leading Role,Winter's Bone {'Ree'},Actress -- Leading Role,NO
514,Best Performance by an Actress in a Motion Picture - Drama,Blue Valentine,2011,Michelle Williams,Nominee,Actress -- Leading Role,Blue Valentine {'Cindy'},Actress -- Leading Role,NO
515,Best Performance by an Actor in a Motion Picture - Drama,"King's Speech, The",2011,Colin Firth,Winner,Actor -- Leading Role,The King's Speech {'King George VI'},Actor -- Leading Role,YES
516,Best Performance by an Actor in a Motion Picture - Drama,"Social Network, The",2011,Jesse Eisenberg,Nominee,Actor -- Leading Role,The Social Network {'Mark Zuckerberg'},Actor -- Leading Role,NO
517,Best Performance by an Actor in a Motion Picture - Drama,127 Hours,2011,James Franco,Nominee,Actor -- Leading Role,127 Hours {'Aron Ralston'},Actor -- Leading Role,NO
518,Best Performance by an Actress in a Motion Picture - Musical or Comedy,"Kids Are All Right, The",2011,Annette Bening,Winner,Actress -- Leading Role,The Kids Are All Right {'Nic'},Actress -- Leading Role,NO
519,Best Director - Motion Picture,"Social Network, The",2011,David Fincher,Winner,Directing,David Fincher,Directing,NO
520,Best Director - Motion Picture,Black Swan,2011,Darren Aronofsky,Nominee,Directing,Darren Aronofsky,Directing,NO
521,Best Director - Motion Picture,"King's Speech, The",2011,Tom Hooper,Nominee,Directing,Tom Hooper,Directing,YES
522,Best Director - Motion Picture,"Fighter, The",2011,David O. Russell,Nominee,Directing,David O. Russell,Directing,NO
523,Best Motion Picture - Animated,,2011,Toy Story 3,Winner,Best Picture,"Darla K. Anderson, Producer",Best Picture,NO
524,Best Motion Picture - Drama,,2012,The Descendants,Winner,Best Picture,,Best Picture,NO
525,Best Motion Picture - Drama,,2012,The Help,Nominee,Best Picture,,Best Picture,NO
526,Best Motion Picture - Drama,,2012,Hugo,Nominee,Best Picture,,Best Picture,NO
527,Best Motion Picture - Drama,,2012,Moneyball,Nominee,Best Picture,,Best Picture,NO
528,Best Motion Picture - Drama,,2012,War Horse,Nominee,Best Picture,,Best Picture,NO
529,Best Motion Picture - Musical or Comedy,,2012,The Artist,Winner,Best Picture,"Thomas Langmann, Producer",Best Picture,YES
530,Best Performance by an Actress in a Motion Picture - Drama,"Iron Lady, The",2012,Meryl Streep,Winner,Actress -- Leading Role,The Iron Lady,Actress -- Leading Role,YES
531,Best Performance by an Actress in a Motion Picture - Drama,Albert Nobbs,2012,Glenn Close,Nominee,Actress -- Leading Role,Albert Nobbs,Actress -- Leading Role,NO
532,Best Performance by an Actress in a Motion Picture - Drama,"Help, The",2012,Viola Davis,Nominee,Actress -- Leading Role,The Help,Actress -- Leading Role,NO
533,Best Performance by an Actress in a Motion Picture - Drama,"Girl With The Dragon Tattoo, The",2012,Rooney Mara,Nominee,Actress -- Leading Role,The Girl with the Dragon Tattoo,Actress -- Leading Role,NO
534,Best Performance by an Actor in a Motion Picture - Drama,"Descendants, The",2012,George Clooney,Winner,Actor -- Leading Role,The Descendants,Actor -- Leading Role,NO
535,Best Director - Motion Picture,"Ides of March, The",2012,George Clooney,Nominee,Actor -- Leading Role,The Descendants,Actor -- Leading Role,NO
536,Best Performance by an Actor in a Motion Picture - Drama,Moneyball,2012,Brad Pitt,Nominee,Actor -- Leading Role,Moneyball,Actor -- Leading Role,NO
537,Best Performance by an Actress in a Motion Picture - Musical or Comedy,My Week With Marilyn,2012,Michelle Williams,Winner,Actress -- Leading Role,My Week with Marilyn,Actress -- Leading Role,NO
538,Best Performance by an Actor in a Motion Picture - Musical or Comedy,"Artist, The",2012,Jean Dujardin,Winner,Actor -- Leading Role,The Artist,Actor -- Leading Role,YES
539,Best Director - Motion Picture,Midnight In Paris,2012,Woody Allen,Nominee,Directing,Woody Allen,Directing,NO
540,Best Director - Motion Picture,"Artist, The",2012,Michel Hazanavicius,Nominee,Directing,Michel Hazanavicius,Directing,YES
541,Best Director - Motion Picture,"Descendants, The",2012,Alexander Payne,Nominee,Directing,Alexander Payne,Directing,NO
542,Best Motion Picture - Drama,,2013,Argo,Winner,Best Picture,,Best Picture,YES
543,Best Motion Picture - Drama,,2013,Life of Pi,Nominee,Best Picture,,Best Picture,NO
544,Best Motion Picture - Drama,,2013,Lincoln,Nominee,Best Picture,,Best Picture,NO
545,Best Motion Picture - Drama,,2013,Django Unchained,Nominee,Best Picture,,Best Picture,NO
546,Best Motion Picture - Musical or Comedy,,2013,Silver Linings Playbook,Nominee,Best Picture,,Best Picture,NO
547,Best Performance by an Actress in a Motion Picture - Drama,Zero Dark Thirty 	,2013,Jessica Chastain,Winner,Actress -- Leading Role,Zero Dark Thirty,Actress -- Leading Role,NO
548,Best Performance by an Actress in a Motion Picture - Drama,"Impossible, The",2013,Naomi Watts,Nominee,Actress -- Leading Role,The Impossible,Actress -- Leading Role,NO
549,Best Performance by an Actor in a Motion Picture - Drama,Lincoln,2013,Daniel Day-Lewis,Winner,Actor -- Leading Role,Lincoln,Actor -- Leading Role,YES
550,Best Performance by an Actor in a Motion Picture - Drama,"Master, The",2013,Joaquin Phoenix,Nominee,Actor -- Leading Role,The Master,Actor -- Leading Role,NO
551,Best Performance by an Actor in a Motion Picture - Drama,Flight,2013,Denzel Washington,Nominee,Actor -- Leading Role,Flight,Actor -- Leading Role,NO
552,Best Performance by an Actress in a Motion Picture - Musical or Comedy,Silver Linings Playbook,2013,Jennifer Lawrence,Winner,Actress -- Leading Role,Silver Linings Playbook,Actress -- Leading Role,YES
553,Best Performance by an Actor in a Motion Picture - Musical or Comedy,Les Misrables,2013,Hugh Jackman,Winner,Actor -- Leading Role,Les Mis_rables,Actor -- Leading Role,NO
554,Best Performance by an Actor in a Motion Picture - Musical or Comedy,Silver Linings Playbook,2013,Bradley Cooper,Nominee,Actor -- Leading Role,Silver Linings Playbook,Actor -- Leading Role,NO
555,Best Director - Motion Picture,Life of Pi,2013,Ang Lee,Nominee,Directing,Ang Lee,Directing,YES
556,Best Director - Motion Picture,Lincoln,2013,Steven Spielberg,Nominee,Directing,Steven Spielberg,Directing,NO
557,Best Motion Picture - Foreign Language,Austria,2013,Amour,Winner,Best Picture,,Best Picture,NO
558,Best Motion Picture - Drama,,2014,12 Years A Slave,Winner,Best Picture,,Best Picture,YES
559,Best Motion Picture - Drama,,2014,Gravity,Nominee,Best Picture,,Best Picture,NO
560,Best Motion Picture - Drama,,2014,Philomena,Nominee,Best Picture,,Best Picture,NO
561,Best Motion Picture - Drama,,2014,Captain Phillips,Nominee,Best Picture,,Best Picture,NO
562,Best Motion Picture - Musical or Comedy,,2014,American Hustle,Winner,Best Picture,,Best Picture,NO
563,Best Motion Picture - Musical or Comedy,,2014,Nebraska,Nominee,Best Picture,,Best Picture,NO
564,Best Motion Picture - Musical or Comedy,,2014,Her,Nominee,Best Picture,,Best Picture,NO
565,Best Motion Picture - Musical or Comedy,,2014,The Wolf of Wall Street,Nominee,Best Picture,,Best Picture,NO
566,Best Performance by an Actress in a Motion Picture - Drama,Blue Jasmine,2014,Cate Blanchett,Winner,Actress -- Leading Role,Blue Jasmine,Actress -- Leading Role,YES
567,Best Performance by an Actress in a Motion Picture - Drama,Gravity,2014,Sandra Bullock,Nominee,Actress -- Leading Role,Gravity,Actress -- Leading Role,NO
568,Best Performance by an Actress in a Motion Picture - Drama,Philomena,2014,Judi Dench,Nominee,Actress -- Leading Role,Philomena,Actress -- Leading Role,NO
569,Best Performance by an Actor in a Motion Picture - Drama,Dallas Buyers Club,2014,Matthew McConaughey,Winner,Actor -- Leading Role,Dallas Buyers Club,Actor -- Leading Role,YES
570,Best Performance by an Actor in a Motion Picture - Drama,12 Years A Slave,2014,Chiwetel Ejiofor,Nominee,Actor -- Leading Role,12 Years a Slave,Actor -- Leading Role,NO
571,Best Performance by an Actress in a Motion Picture - Musical or Comedy,American Hustle,2014,Amy Adams,Winner,Actress -- Leading Role,American Hustle,Actress -- Leading Role,NO
572,Best Performance by an Actress in a Motion Picture - Musical or Comedy,August: Osage County,2014,Meryl Streep,Nominee,Actress -- Leading Role,August: Osage County,Actress -- Leading Role,NO
573,Best Performance by an Actor in a Motion Picture - Musical or Comedy,"Wolf of Wall Street, The",2014,Leonardo DiCaprio,Winner,Actor -- Leading Role,The Wolf of Wall Street,Actor -- Leading Role,NO
574,Best Performance by an Actor in a Motion Picture - Musical or Comedy,American Hustle,2014,Christian Bale,Nominee,Actor -- Leading Role,American Hustle,Actor -- Leading Role,NO
575,Best Performance by an Actor in a Motion Picture - Musical or Comedy,Nebraska,2014,Bruce Dern,Nominee,Actor -- Leading Role,Nebraska,Actor -- Leading Role,NO
576,Best Director - Motion Picture,12 Years A Slave,2014,Steve McQueen,Nominee,Directing,Steve McQueen,Directing,NO
577,Best Director - Motion Picture,American Hustle,2014,David O. Russell,Nominee,Directing,David O. Russell,Directing,NO
578,Best Director - Motion Picture,Nebraska,2014,Alexander Payne,Nominee,Directing,Alexander Payne,Directing,NO
579,Best Motion Picture - Drama,,2015,Boyhood,Winner,Best Picture,,Best Picture,NO
580,Best Motion Picture - Drama,,2015,The Theory of Everything,Nominee,Best Picture,,Best Picture,NO
581,Best Motion Picture - Drama,,2015,The Imitation Game,Nominee,Best Picture,,Best Picture,NO
582,Best Motion Picture - Drama,,2015,Selma,Nominee,Best Picture,,Best Picture,NO
583,Best Motion Picture - Musical or Comedy,,2015,The Grand Budapest Hotel,Winner,Best Picture,,Best Picture,NO
584,Best Performance by an Actress in a Motion Picture - Drama,Still Alice,2015,Julianne Moore,Winner,Actress -- Leading Role,Still Alice,Actress -- Leading Role,YES
585,Best Performance by an Actress in a Motion Picture - Musical or Comedy,Maps To The Stars,2015,Julianne Moore,Nominee,Actress -- Leading Role,Still Alice,Actress -- Leading Role,YES
586,Best Performance by an Actress in a Motion Picture - Drama,"Theory of Everything, The",2015,Felicity Jones,Nominee,Actress -- Leading Role,The Theory of Everything,Actress -- Leading Role,NO
587,Best Performance by an Actress in a Motion Picture - Drama,Gone Girl,2015,Rosamund Pike,Nominee,Actress -- Leading Role,Gone Girl,Actress -- Leading Role,NO
588,Best Performance by an Actress in a Motion Picture - Drama,Wild,2015,Reese Witherspoon,Nominee,Actress -- Leading Role,Wild,Actress -- Leading Role,NO
589,Best Performance by an Actor in a Motion Picture - Drama,"Theory of Everything, The",2015,Eddie Redmayne,Winner,Actor -- Leading Role,The Theory of Everything,Actor -- Leading Role,YES
590,Best Performance by an Actor in a Motion Picture - Drama,"Imitation Game, The",2015,Benedict Cumberbatch,Nominee,Actor -- Leading Role,The Imitation Game,Actor -- Leading Role,NO
591,Best Performance by an Actor in a Motion Picture - Drama,Foxcatcher,2015,Steve Carell,Nominee,Actor -- Leading Role,Foxcatcher,Actor -- Leading Role,NO
592,Best Performance by an Actor in a Motion Picture - Musical or Comedy,Birdman,2015,Michael Keaton,Winner,Actor -- Leading Role,Birdman or (The Unexpected Virtue of Ignorance),Actor -- Leading Role,NO
593,Best Director - Motion Picture,Boyhood,2015,Richard Linklater,Winner,Directing,Richard Linklater,Directing,NO
594,Best Director - Motion Picture,"Grand Budapest Hotel, The",2015,Wes Anderson,Nominee,Directing,Wes Anderson,Directing,NO
595,Best Motion Picture - Drama,,2016,The Revenant,Winner,Best Picture,,Best Picture,NO
596,Best Motion Picture - Drama,,2016,Room,Nominee,Best Picture,,Best Picture,NO
597,Best Motion Picture - Drama,,2016,Spotlight,Nominee,Best Picture,,Best Picture,YES
598,Best Motion Picture - Musical or Comedy,,2016,The Martian,Winner,Best Picture,,Best Picture,NO
599,Best Motion Picture - Musical or Comedy,,2016,The Big Short,Nominee,Best Picture,,Best Picture,NO
600,Best Performance by an Actress in a Motion Picture - Drama,Room,2016,Brie Larson,Winner,Actress -- Leading Role,Room,Actress -- Leading Role,YES
601,Best Performance by an Actress in a Motion Picture - Drama,Brooklyn,2016,Saoirse Ronan,Nominee,Actress -- Leading Role,Brooklyn,Actress -- Leading Role,NO
602,Best Performance by an Actress in a Motion Picture - Drama,Carol,2016,Cate Blanchett,Nominee,Actress -- Leading Role,Carol,Actress -- Leading Role,NO
603,Best Performance by an Actor in a Motion Picture - Drama,"Revenant, The",2016,Leonardo DiCaprio,Winner,Actor -- Leading Role,The Revenant,Actor -- Leading Role,YES
604,Best Performance by an Actor in a Motion Picture - Drama,Steve Jobs,2016,Michael Fassbender,Nominee,Actor -- Leading Role,Steve Jobs,Actor -- Leading Role,NO
605,Best Performance by an Actor in a Motion Picture - Drama,The Danish Girl,2016,Eddie Redmayne,Nominee,Actor -- Leading Role,The Danish Girl,Actor -- Leading Role,NO
606,Best Performance by an Actor in a Motion Picture - Drama,Trumbo,2016,Bryan Cranston,Nominee,Actor -- Leading Role,Trumbo,Actor -- Leading Role,NO
607,Best Performance by an Actress in a Motion Picture - Musical or Comedy,Joy,2016,Jennifer Lawrence,Winner,Actress -- Leading Role,Joy,Actress -- Leading Role,NO
608,Best Performance by an Actor in a Motion Picture - Musical or Comedy,The Martian,2016,Matt Damon,Winner,Actor -- Leading Role,The Martian,Actor -- Leading Role,NO
609,Best Director - Motion Picture,Mad Max:Fury Road,2016,George Miller,Nominee,Directing,George Miller,Directing,NO
610,Best Director - Motion Picture,Spotlight,2016,Tom McCarthy,Nominee,Directing,Tom McCarthy,Directing,NO
611,Best Motion Picture - Drama,,2017,Moonlight,Winner,Best Picture,,Best Picture,YES
612,Best Motion Picture - Drama,,2017,Hell or High Water,Nominee,Best Picture,,Best Picture,NO
613,Best Motion Picture - Drama,,2017,Lion,Nominee,Best Picture,,Best Picture,NO
614,Best Motion Picture - Drama,,2017,Manchester by the Sea,Nominee,Best Picture,,Best Picture,NO
615,Best Motion Picture - Drama,,2017,Hacksaw Ridge,Nominee,Best Picture,,Best Picture,NO
616,Best Motion Picture - Musical or Comedy,,2017,La La Land,Winner,Best Picture,,Best Picture,NO
617,Best Performance by an Actress in a Motion Picture - Drama,Elle,2017,Isabelle Huppert,Winner,Actress -- Leading Role,Elle,Actress -- Leading Role,NO
618,Best Performance by an Actress in a Motion Picture - Drama,Loving,2017,Ruth Negga,Nominee,Actress -- Leading Role,Loving,Actress -- Leading Role,NO
619,Best Performance by an Actress in a Motion Picture - Drama,Jackie,2017,Natalie Portman,Nominee,Actress -- Leading Role,Jackie,Actress -- Leading Role,NO
620,Best Performance by an Actor in a Motion Picture - Drama,Manchester by the Sea,2017,Casey Affleck,Winner,Actor -- Leading Role,Manchester by the Sea,Actor -- Leading Role,YES
621,Best Performance by an Actor in a Motion Picture - Drama,Hacksaw Ridge,2017,Andrew Garfield,Nominee,Actor -- Leading Role,Hacksaw Ridge,Actor -- Leading Role,NO
622,Best Performance by an Actor in a Motion Picture - Drama,Captain Fantastic,2017,Viggo Mortensen,Nominee,Actor -- Leading Role,Captain Fantastic,Actor -- Leading Role,NO
623,Best Performance by an Actor in a Motion Picture - Drama,Fences,2017,Denzel Washington,Nominee,Actor -- Leading Role,Fences,Actor -- Leading Role,NO
624,Best Performance by an Actress in a Motion Picture - Musical or Comedy,La La Land,2017,Emma Stone,Winner,Actress -- Leading Role,La La Land,Actress -- Leading Role,YES
625,Best Performance by an Actress in a Motion Picture - Musical or Comedy,Florence Foster Jenkins,2017,Meryl Streep,Nominee,Actress -- Leading Role,Florence Foster Jenkins,Actress -- Leading Role,NO
626,Best Performance by an Actor in a Motion Picture - Musical or Comedy,La La Land,2017,Ryan Gosling,Winner,Actor -- Leading Role,La La Land,Actor -- Leading Role,NO
627,Best Director - Motion Picture,La La Land,2017,Damien Chazelle,Winner,Directing,Damien Chazelle,Directing,YES
628,Best Director - Motion Picture,Hacksaw Ridge,2017,Mel Gibson,Nominee,Directing,Mel Gibson,Directing,NO
629,Best Director - Motion Picture,Moonlight,2017,Barry Jenkins,Nominee,Directing,Barry Jenkins,Directing,NO
630,Best Director - Motion Picture,Manchester by the Sea,2017,Kenneth Lonergan,Nominee,Directing,Kenneth Lonergan,Directing,NO
